0, 0, 0, 0, 0, 0, 0, 0, 0, 0, 0, 0.738663, -0.395896, -0.393603, 0, 0, 0, -0, 0, 0, 0, 1769613106508, 0, 0, 58306508.06
1, -0.00054400093418033, 0.034314955799209, 0.0015863816846975, 5132.3164794007, 0.0057668549209547, 0.022492305747278, 0.025321301346085, -0.00054400093418033, 0.034314955799209, 0.0015863816846975, 0.74360441135791, -0.36405746133205, -0.37905770677969, 0.022416931460523, -0.0060510008009334, 6.2578640058335, 6.0321994309821, 0.023219828455619, 0.022492305747278, -0.0057668549209547, 33.333333333333, 1, -1769613106474.7, 58306542.911
2, 0.014614056021408, 0.011396689430239, 0.03379513464671, 5747.3785714286, -0.0013037572870646, -0.018367365676707, 0.033860100179857, 0.013498376662829, 0.045687154635521, 0.03563313276341, 0.75148998346869, -0.36852761818103, -0.34025112381922, 0.0041218463403431, -0.0039726849943458, 6.2240039056536, 3.0707292400219, 0.018413579363216, 0.0041249400705701, -0.00446309763389, 66.666666666667, 2, 33.333333333333, 58306576.579
3, 0.012199894212119, 0.011900760311372, 0.0046278176941222, 5568.9411764706, 0.010647135077293, -0.00039790926710339, 0.014084118511525, 0.025802514246172, 0.057401268634138, 0.040459972663569, 0.7642622785709, -0.36188746476607, -0.32903497680688, 0.0030202429375144, -0.014570068061346, 6.2099197871421, 4.6750339392162, 0.010654567900153, 0.0037270308034667, -0.015110232711183, 100, 3, 33.333333333333, 58306610.39
4, -0.011725174672118, 0.021658732024551, 0.0052682022784165, 5633.3852873563, -0.0081267000641906, 0.017200921070453, 0.016505132827215, 0.014369782453946, 0.079359659635481, 0.04511197142506, 0.75567555906428, -0.34037971810609, -0.31828240547664, 0.020825593979258, -0.0078710598214772, 6.1934146543149, 0.44137164650697, 0.019024062121568, 0.02092795187392, -0.0069835326469928, 133.33333333333, 4, 33.333333333333, 58306644.227
5, 0.012073179580515, 0.05515486904044, -0.017523431691763, 5629.2545207957, 0.02991377990638, 0.041334251806064, 0.029858621898086, 0.028378475124555, 0.13409594995442, 0.027679325374049, 0.78181168335459, -0.28562985233169, -0.31099937026041, 0.058805922553373, -0.041939636542162, 6.1635560324168, 5.6567268635497, 0.051023079098134, 0.062262203679983, -0.036897312553373, 166.66666666667, 5, 33.333333333333, 58306678.109
6, 0.085151972468523, 0.1052532659999, -0.041259918653763, 6278.5408067542, 0.11392049829173, 0.053744920506843, 0.064537530901931, 0.1177182976984, 0.23749439239749, -0.0093557559772206, 0.8916945683366, -0.19291510637246, -0.28882138677327, 0.09468833348842, -0.16266116218931, 6.0990185015149, 5.1532032753382, 0.12596188475616, 0.11600712418683, -0.15081781084511, 200, 6, 33.333333333333, 58306711.985
7, 0.068805775778309, 0.12109526029781, -0.047652034899885, 6593.499270073, 0.10621999532449, 0.075812423886778, 0.068108753143961, 0.19159575895737, 0.35607483272528, -0.055842015130122, 0.9886991848249, -0.077316014521475, -0.27088770773387, 0.14569763190075, -0.28275317484916, 6.0309097483709, 5.3322705627254, 0.13049985066016, 0.1918195480736, -0.2570378061696, 233.33333333333, 7, 33.333333333333, 58306744.833
8, 0.038011249500782, 0.13189923884115, -0.018139833603572, 6449.964233219, 0.068014500927364, 0.081070667054727, 0.089291054790249, 0.22937690897102, 0.48714014620286, -0.079876897327871, 1.0447090756933, 0.050115777635605, -0.23258962825983, 0.20330334429758, -0.37148329190091, 5.9416186935807, 5.5851395030031, 0.10582261286274, 0.27289021512833, -0.32505230709696, 266.66666666667, 8, 33.333333333333, 58306777.722
9, -0.011581328137607, 0.12041906025034, 0.0096657435299208, 6277.8582524272, 0.010012447064245, 0.081216655869562, 0.089620921352897, 0.21161513245355, 0.60742459357493, -0.087388108127829, 1.0401623187256, 0.17122616639908, -0.19348545549779, 0.27473728100895, -0.41135039678784, 5.8519977722278, 6.1605235079022, 0.081831499355989, 0.35410687099789, -0.33506475416121, 300, 9, 33.333333333333, 58306811.593
10, -0.031845644163863, 0.072709809799565, 0.051785915191894, 6401.8709677419, -0.037120518938477, 0.034899935329424, 0.079916857378794, 0.1622789229552, 0.68307634654423, -0.05488437152304, 0.99158854146575, 0.23957782354074, -0.14196903297376, 0.32267215153214, -0.39411985479505, 5.772080914849, 0.81622107841108, 0.050950352425276, 0.38900680632732, -0.29794423522273, 333.33333333333, 10, 33.333333333333, 58306845.448
11, -0.029291609823646, 0.07758261301112, 0.047267229616461, 6517.9465215334, -0.031789102598175, 0.039522532360799, 0.080862065488716, 0.11625703904981, 0.7628575544862, -0.025943767711995, 0.94669700673494, 0.3122988208878, -0.091417524900864, 0.37297881946927, -0.38775566835645, 5.6912188493603, 0.6773747569645, 0.050720583673768, 0.42852933868812, -0.26615513262455, 366.66666666667, 11, 33.333333333333, 58306878.328
12, -0.031411218576624, 0.068330411507915, -0.0037777571463032, 6897.3006628788, -0.011138071427859, 0.063137686054688, 0.039491229442668, 0.087277968408107, 0.8301609456256, -0.045659200999611, 0.927427375577, 0.38828684530901, -0.086902344165888, 0.43106021889164, -0.41489372805994, 5.6517276199176, 0.174612706259, 0.064112588744118, 0.4916670247428, -0.25501706119669, 400, 12, 33.333333333333, 58306911.226
13, -0.031781857968464, 0.077726020055181, -0.018240212474411, 6512.4608899297, -0.0026430903089769, 0.077819145843796, 0.036349974613722, 0.063446250200124, 0.90604788424201, -0.079800795552328, 0.91589519474312, 0.47687379791613, -0.09042330074016, 0.49462358358971, -0.45985902831622, 5.6153776453039, 0.033951473466207, 0.077864018559534, 0.5694861705866, -0.25237397088772, 433.33333333333, 13, 33.333333333333, 58306945.139
14, -0.033315806077171, 0.090019132056364, -0.001280402239935, 6704.0370018975, -0.0095405067225677, 0.077251936092778, 0.056179565698238, 0.029609302633256, 0.99435006209052, -0.099546567606043, 0.89135009043358, 0.57311528298736, -0.07709755497239, 0.56002090959857, -0.50205593377904, 5.5591980796056, 0.12287643065321, 0.077838826421048, 0.64673810667938, -0.24283346416515, 466.66666666667, 14, 33.333333333333, 58306978.03
15, -0.034308471394759, 0.01882834256806, -0.027820541478584, 6419.268045977, -0.012228876642788, 0.044734921884846, -0.012441927562844, 0.011115324444235, 1.0110213104516, -0.14257381301894, 0.88313477333651, 0.60824046995573, -0.11192150772862, 0.60176141080917, -0.52226640650478, 5.5716400071685, 0.26684375617593, 0.046376272596963, 0.69147302856422, -0.23060458752236, 500, 15, 33.333333333333, 58307011.9
16, -0.059136545096015, 0.04290100951526, -0.032353274163076, 6892.7006928406, -0.026391925242686, 0.075335239601525, -0.0035256047080998, -0.029619321035257, 1.0493914139054, -0.20293422271549, 0.85738861545278, 0.6740740761029, -0.15663290691623, 0.67610222219581, -0.55134164714909, 5.5751656118766, 0.33696559247052, 0.079824382514585, 0.76680826816575, -0.20421266227968, 533.33333333333, 16, 33.333333333333, 58307044.752
17, -0.067113734307441, 0.053752260126581, -0.027510677898566, 7351.6561766087, -0.033312197871417, 0.083708647611894, 0.0057927530421458, -0.081655090460748, 1.0967465435971, -0.26347982106137, 0.82028488453133, 0.75025406148001, -0.19889554440766, 0.76127069520628, -0.58072106406514, 5.5693728588344, 0.37874140987655, 0.090093508157007, 0.85051691577764, -0.17090046440826, 566.66666666667, 17, 33.333333333333, 58307078.575
18, -0.042115049052469, 0.052681477814615, -0.10306079617926, 6871.4776328052, 0.023879497348391, 0.1137824591031, -0.040667736319671, -0.070028132326792, 1.1495647749445, -0.3787600820004, 0.85265216755967, 0.84452601413283, -0.27524425477007, 0.83350366310351, -0.67181074714548, 5.6100405951541, 6.0763178555377, 0.11626125060896, 0.96429937488074, -0.19477996175665, 600, 18, 33.333333333333, 58307111.627
19, -0.031126178648071, 0.025177989931508, -0.052828192233522, 6610.3028492647, 0.0037133622350701, 0.061631390059125, -0.024111631408427, -0.071936016621945, 1.1722190190601, -0.4437559941598, 0.86181846381395, 0.8928000029287, -0.3225379123011, 0.87986983631494, -0.71258110568114, 5.6341522265625, 6.2230069049732, 0.061743155893661, 1.0259307649399, -0.19849332399172, 633.33333333333, 19, 33.333333333333, 58307144.492
20, -0.040004867127363, 0.036283495659719, -0.0052474565139476, 6884.5292491939, -0.02431127309822, 0.046455833397136, 0.013972644515405, -0.11195653473373, 1.1995216745795, -0.47225395079705, 0.82811716462299, 0.93586352484115, -0.34179007639084, 0.93151136079878, -0.72165268068247, 5.6201795820471, 0.4821291971748, 0.052432646855549, 1.072386598337, -0.1741820508935, 666.66666666667, 20, 33.333333333333, 58307178.34
21, -0.057234876409098, 0.055995970393814, -0.017905805065953, 6660.3928736696, -0.028990271191099, 0.075093477092704, 0.015891239956769, -0.16454704881407, 1.2430082001983, -0.52217806400803, 0.78529260745352, 1.0047364480067, -0.37395142460707, 1.008350269003, -0.7456343503286, 5.6042883420904, 0.36842800901037, 0.080495131067698, 1.1474800754297, -0.1451917797024, 700, 21, 33.333333333333, 58307211.224
22, -0.036541973873608, 0.068863692951712, -0.058732608896599, 6968.5046382189, 0.010796327059357, 0.09699066310001, 0.0018149387801603, -0.17850945373354, 1.3089801079219, -0.5944575058297, 0.78182415531246, 1.0988470980838, -0.40845375297523, 1.0769924660418, -0.81500290041697, 5.6024734033102, 6.172328608831, 0.09758969928508, 1.2444707385297, -0.15598810676176, 733.33333333333, 22, 33.333333333333, 58307245.074
23, -0.025869176149888, 0.062034356940653, -0.074554962321228, 6802.6070272769, 0.0260775891777, 0.096249795418741, -0.011482784808732, -0.17109858860365, 1.3730216959582, -0.67394254307503, 0.79841515896255, 1.1919421374892, -0.44594221701051, 1.1358416057139, -0.89550594446335, 5.6139561881189, 6.0186007479423, 0.099719926672006, 1.3407205339485, -0.18206569593946, 766.66666666667, 23, 33.333333333333, 58307277.856
24, -0.027256813415596, 0.027303613223347, 0.0011532751231413, 7041.2565759114, -0.018293707482586, 0.030720809585515, 0.014536964644811, -0.20345033071474, 1.3902394258588, -0.69179862543299, 0.76911386043054, 1.2198607567797, -0.45797107639386, 1.1712495508198, -0.9004742633116, 5.5994192234741, 0.53709125980033, 0.035755109775358, 1.371441343534, -0.16377198845687, 800, 24, 33.333333333333, 58307311.62
25, -0.011907209659081, 0.036335259788687, -0.025831748130601, 6732.8155515371, 0.0095408623248171, 0.044753277071031, 0.0059521504317363, -0.20867733036705, 1.4258554343475, -0.72101272557429, 0.76667459865572, 1.2664778195558, -0.4669022455518, 1.1998088119975, -0.93622683899501, 5.5934670730424, 6.0731417168073, 0.045758975758834, 1.416194620605, -0.17331285078169, 833.33333333333, 25, 33.333333333333, 58307345.446
26, -0.016399653590626, 0.059986526045059, -0.022105607929463, 7290.5129604366, 0.0087394199518141, 0.060727327408218, 0.024327023893999, -0.22924742981938, 1.4816646890879, -0.75013277296059, 0.7484049618711, 1.333738112514, -0.46817206336318, 1.2405383361578, -0.98210839938742, 5.5691400491484, 6.1402541807996, 0.061352960443968, 1.4769219480132, -0.1820522707335, 866.66666666667, 26, 33.333333333333, 58307378.29
27, -0.012063520044983, 0.05923986113424, -0.07067973694399, 6861.3623453962, 0.035463746157769, 0.0856078509111, -0.0080083361812323, -0.21067376451886, 1.5482310665916, -0.81524265516041, 0.77039729397367, 1.4224666963855, -0.48857615538521, 1.2823400964321, -1.0648063512713, 5.5771483853296, 5.8904482059092, 0.092662729450193, 1.5625297989243, -0.21751601689127, 900, 27, 33.333333333333, 58307411.068
28, -0.025783040865962, 0.025558556643844, -0.013528526403694, 6604.465, -0.010386075679223, 0.037139332792955, 0.0037182566274406, -0.23046340829452, 1.5652284551623, -0.84640371311124, 0.7536269149916, 1.4544985028384, -0.50933340226158, 1.3173094114371, -1.0810650723175, 5.5734301287022, 0.27268564862186, 0.038564240020003, 1.5996691317173, -0.20712994121205, 933.33333333333, 28, 33.333333333333, 58307444.83
29, 0.010235882393512, 0.014698999501238, 0.012240768343113, 6697.5062780269, 0.0059065690283873, -0.0018790186524713, 0.02079067135899, -0.23914056918473, 1.5800406728944, -0.82864807296148, 0.74275631062589, 1.4612426549991, -0.48850476042314, 1.3120016611639, -1.0842658157413, 5.5526394573432, 4.4043891201767, 0.0061982472347785, 1.5977901130648, -0.21303651024044, 966.66666666667, 29, 33.333333333333, 58307478.655
30, 0.021182219177551, 0.019211506128369, -0.0052100922105647, 6686.0842245989, 0.024508375723987, 0.0058150820696, 0.014506473649528, -0.22843489238223, 1.6072349048823, -0.81540280829516, 0.75019025206861, 1.4793709234286, -0.46273192599614, 1.2998188081476, -1.1063122059558, 5.5381329836937, 4.945350268739, 0.025188800291087, 1.6036051951344, -0.23754488596442, 1000, 30, 33.333333333333, 58307511.527
31, 0.0037542821383123, 0.02774439166385, 0.011638621356446, 6692.8511399195, 0.003308924531234, 0.010338315559305, 0.028310310137699, -0.24716728315957, 1.6318940756532, -0.8033310839016, 0.72954113013429, 1.4988924006597, -0.44336288956315, 1.3050401827459, -1.1158284877777, 5.509822673556, 5.9734241418531, 0.010854941278384, 1.6139435106937, -0.24085381049566, 1033.3333333333, 31, 33.333333333333, 58307545.391
32, 0.0023518375448227, 0.048217407277656, 0.004016385774457, 6818.4650537634, 0.0099150978794579, 0.029112303496155, 0.037426534414695, -0.26989503655614, 1.676951661077, -0.79774588408923, 0.7043262971824, 1.5405626764158, -0.42006937860317, 1.3184293406424, -1.1435135438583, 5.4723961391413, 5.9549260830453, 0.030754436766286, 1.6430558141899, -0.25076890837511, 1066.6666666667, 32, 33.333333333333, 58307578.25
33, 0.018559205481389, 0.034517277854834, 0.037438763113824, 6816.8592362345, 0.0050401413219723, -0.0067189332664621, 0.053544378540764, -0.30283269899624, 1.7060570035564, -0.75309535166993, 0.66627842471713, 1.5511452812245, -0.37353682148474, 1.3101885461969, -1.1418947184778, 5.4188517606005, 3.7851834250751, 0.0083992314401155, 1.6363368809234, -0.25580904969709, 1100, 33, 33.333333333333, 58307612.129
34, 0.031577144393518, 0.03447847726436, 0.049142769004029, 6606.404, 0.010579841323568, -0.01955229050655, 0.064083290188762, -0.33639450587752, 1.7352042032762, -0.68778780597444, 0.62515968622391, 1.552955650789, -0.31011475441016, 1.2897189132336, -1.1332309612931, 5.3547684704117, 3.6375810169435, 0.022231174203906, 1.6167845904169, -0.26638889102065, 1133.3333333333, 34, 33.333333333333, 58307644.988
35, 0.013475707675085, 0.033711523035231, 0.037955461416569, 6864.2557932264, 0.00028324053418919, -0.0051353226327011, 0.052270706617587, -0.37257978907654, 1.7603001085908, -0.64601499269162, 0.58419305604485, 1.561826638846, -0.26865747275824, 1.2865200305509, -1.1292043910995, 5.3024977637942, 3.1966921791635, 0.0051431278170137, 1.6116492677842, -0.26667213155484, 1166.6666666667, 35, 33.333333333333, 58307677.89
36, -0.0058367628241881, 0.033453270601419, 0.049079641621132, 6876.161849711, -0.021587382807227, -0.0024064164953161, 0.055589516988742, -0.43152158029837, 1.7758970857744, -0.61317024587525, 0.52328830470925, 1.568547922446, -0.24236100008574, 1.3034984478788, -1.1156609281591, 5.2469082468054, 1.6818112917475, 0.021721094282165, 1.6092428512888, -0.24508474874762, 1200, 36, 33.333333333333, 58307711.806
37, 0.020222261901279, 0.046197090497698, -0.0027607719888356, 6712.3118856122, 0.028015271300396, 0.023077357096704, 0.035118557376795, -0.43248547961184, 1.8253817863132, -0.59089614716196, 0.51590928763095, 1.6041491226162, -0.20057790362757, 1.2905504219018, -1.149567292279, 5.2117896894286, 5.4014400632564, 0.036296278550336, 1.6323202083855, -0.27310002004801, 1233.3333333333, 37, 33.333333333333, 58307744.706
38, 8.0898538370257e-05, 0.077049024637416, 0.0035260963650274, 6980.8786386028, 0.014079227101805, 0.04990367685084, 0.057099829235373, -0.46391735887388, 1.8975703558396, -0.57869080636455, 0.47853738221613, 1.6678211008091, -0.1604271969277, 1.3006405104193, -1.2004210723246, 5.1546898601932, 6.0082043550656, 0.051851727059157, 1.6822238852364, -0.28717924714982, 1266.6666666667, 38, 33.333333333333, 58307778.538
39, -0.0038243258290099, 0.059789550052002, 0.02442000373777, 7110.0090661831, -0.002740841106168, 0.028321926052376, 0.058104291069889, -0.51124282470098, 1.9452288926168, -0.55796488242726, 0.42699298688598, 1.7071142727897, -0.12723802338027, 1.3145225082169, -1.2252549265122, 5.0965855691234, 0.096474109343425, 0.028454238792938, 1.7105458112888, -0.28443840604365, 1300, 39, 33.333333333333, 58307811.394
40, 0.003315022167955, 0.07577594915902, 0.021663415863811, 7310.222323049, 0.0079339001511321, 0.037258266510578, 0.069073600129365, -0.55785757909953, 2.0097204444157, -0.52824917816023, 0.37309416639069, 1.7574385810357, -0.078600891922176, 1.3198315741508, -1.262969621118, 5.027511968994, 6.0733757558653, 0.038093637198113, 1.7478040777993, -0.29237230619478, 1333.3333333333, 40, 33.333333333333, 58307845.258
41, -0.036645168828759, 0.14540678894432, -0.011129002318595, 7587.7848282443, 0.0035908889624569, 0.12173482628609, 0.088190673813896, -0.62319045722703, 2.1453563079066, -0.54563679051132, 0.29811139626664, 1.8922146455091, -0.035620635030159, 1.3489539729429, -1.3811861088541, 4.9393212951801, 6.253696227303, 0.12178777612899, 1.8695389040854, -0.29596319515724, 1366.6666666667, 41, 33.333333333333, 58307878.102
42, -0.039850426801963, 0.11825142525365, -0.013534496997107, 7214.2854396925, -0.0035327081555884, 0.10631512483859, 0.066627718731959, -0.67833612739124, 2.2556372911275, -0.57273771082326, 0.2345063385593, 2.0062590391343, -0.010058231153679, 1.3728727205595, -1.4848169704303, 4.8726935764481, 0.03321642914281, 0.1063738022088, 1.975854028924, -0.29243048700165, 1400, 42, 33.333333333333, 58307912.022
43, 0.0062198013903108, 0.05100241237095, 0.062815844733309, 7460.5553462082, -0.01425697977996, -0.004075572189072, 0.079786531353581, -0.76581302133324, 2.2735705331331, -0.52312976742696, 0.14514489106817, 2.0094620663341, 0.026705315526528, 1.3865335123144, -1.4790597835475, 4.7929070450946, 1.8492353629477, 0.014828073412096, 1.9717784567349, -0.27817350722169, 1433.3333333333, 43, 33.333333333333, 58307944.889
44, 0.015897319796273, 0.063319609799209, 0.044376617800405, 7213.5141531323, 0.0053209510898264, 0.010041422128389, 0.078116831031292, -0.83379164215611, 2.3104311910138, -0.46573798812843, 0.070242363263549, 2.0244198221329, 0.081178381858855, 1.3816344962241, -1.4893106744554, 4.7147902140633, 5.7959046840694, 0.011364096042397, 1.9818198788633, -0.28349445831152, 1466.6666666667, 44, 33.333333333333, 58307978.816
45, -0.0076520561447273, 0.06797568512038, 0.011127216718979, 7441.0605782469, 0.001994124065899, 0.04317207798851, 0.05417801984294, -0.87827085724579, 2.3662097641294, -0.4480380671229, 0.018538231649972, 2.0696537231387, 0.11681871556408, 1.3785756162416, -1.5324154284905, 4.6606121942203, 6.2370279805482, 0.043218107878946, 2.0249919568518, -0.28548858237742, 1500, 45, 33.333333333333, 58308011.669
46, -0.040423693368519, 0.11546428845873, 0.014925695945887, 7188.6415004748, -0.018165510968962, 0.088627733279817, 0.083689858401241, -0.96332444520726, 2.461191771208, -0.45166950769671, -0.075350516285716, 2.1604047097397, 0.15097536961345, 1.3883735291222, -1.6223286316202, 4.5769223358191, 0.20216422442767, 0.090470221040306, 2.1136196901316, -0.26732307140845, 1533.3333333333, 46, 33.333333333333, 58308045.527
47, -0.038585619641025, 0.098237804989038, -0.0083285072083144, 7510.6078619367, -0.0090104904301416, 0.089281581831927, 0.05618265401583, -1.0136886548479, 2.5535861267747, -0.46655188985356, -0.13689721615084, 2.2491976379507, 0.18000357086605, 1.3827267687966, -1.7118748116245, 4.5207396818033, 0.10058160239378, 0.089735109027641, 2.2029012719636, -0.25831258097831, 1566.6666666667, 47, 33.333333333333, 58308078.351
48, -0.01554711984221, 0.11584053648417, -0.0071271434861715, 7382.7684871919, 0.013699185455803, 0.089506266114191, 0.074246209645641, -1.0665767418657, 2.6599981590545, -0.44230623695634, -0.20891554470723, 2.3330394727169, 0.2456331468323, 1.3490933344782, -1.795924207865, 4.4464934721576, 6.1313110726142, 0.090548546956077, 2.2924075380778, -0.27201176643412, 1600, 48, 33.333333333333, 58308112.184
49, -0.00034064622112643, 0.060601294607426, -0.0056696568704542, 7400.5125464684, 0.014755254039394, 0.044213794649308, 0.03914333657105, -1.0896160811282, 2.7162937747561, -0.41799650765894, -0.24433474367625, 2.371892177921, 0.28942141458106, 1.3224859563246, -1.8341912241385, 4.4073501355866, 5.9610821839087, 0.046610912446102, 2.3366213327271, -0.28676702047351, 1633.3333333333, 49, 33.333333333333, 58308145.035
50, 0.00091007065798285, 0.041806726224029, 0.047424037287698, 7220.5597775718, -0.013327927853111, 0.00094961044233901, 0.061799146256145, -1.172870788403, 2.7200554536647, -0.39086569122631, -0.32428853003626, 2.3708729776244, 0.30303932590966, 1.3347539967844, -1.8394805852226, 4.3455509893304, 1.499666858987, 0.013361714742125, 2.3375709431694, -0.2734390926204, 1666.6666666667, 50, 33.333333333333, 58308178.916
51, 0.011511384573771, 0.034757412484123, 0.011404551880667, 7110.9546506247, 0.01148110636054, 0.01150690858115, 0.03473368325759, -1.2027888661277, 2.739975823879, -0.3561561866338, -0.35951875535278, 2.3759534511275, 0.33552502480857, 1.3197975618429, -1.8458449311692, 4.3108173060728, 5.4989095638711, 0.016254991490523, 2.3490778517506, -0.28492019898094, 1700, 51, 33.333333333333, 58308211.813
52, 0.01582921886178, 0.027655986113903, 0.019726094212091, 7287.8235294118, 0.0097572891114957, -3.6275577378404e-05, 0.036184672498836, -1.2391381788181, 2.7467403076879, -0.31744508321751, -0.39835029495823, 2.369329495108, 0.36375392086052, 1.3109021883841, -1.8418363654187, 4.274632633574, 4.708671204901, 0.0097573565437995, 2.3490415761732, -0.29467748809244, 1733.3333333333, 52, 33.333333333333, 58308244.743
53, 0.021211835078841, 0.042585388864153, 0.029466456593965, 7246.0841163311, 0.012753936942673, 0.0019620130921264, 0.054453805683494, -1.2946135881637, 2.7568122811634, -0.26144568680715, -0.45743422909941, 2.3605287369739, 0.40444822783757, 1.2986239889586, -1.8378715638633, 4.2201788278905, 4.865028270862, 0.012903968494667, 2.3510035892653, -0.30743142503511, 1766.6666666667, 53, 33.333333333333, 58308278.634
54, 0.03912497685599, 0.063347422531621, 0.015410426132868, 7399.6129470349, 0.039002428800713, 0.015376038291173, 0.063431293405477, -1.3367743778887, 2.7876698857176, -0.16736366078965, -0.51356867759522, 2.3532494406839, 0.48410726174965, 1.2571674170139, -1.8316738037007, 4.156747534485, 5.0879138026722, 0.041923883478111, 2.3663796275565, -0.34643385383582, 1800, 54, 33.333333333333, 58308311.502
55, 0.043112746021845, 0.12141659900348, -0.012782658465375, 7374.0051162791, 0.06768603641776, 0.068550550397298, 0.086507330642208, 1.3245980400428, -2.7978016511167, 0.026311697322769, -0.57729191548251, 2.3779683726084, 0.62821764388822, 1.1626451474363, -1.8501316848823, 4.0702402038428, 5.5041327400426, 0.096335753932374, 2.4349301779538, -0.41411989025358, 1833.3333333333, 55, 33.333333333333, 58308345.392
56, 0.036038330783563, 0.14717725587003, -0.043225605180684, 7035.4036259542, 0.08140471314929, 0.10648221914195, 0.082844242757256, 1.2189713308022, -2.7142627136415, -0.11872515723929, -0.62331440288069, 2.4239714490827, 0.80688634054522, 1.0323146853693, -1.881268966463, 3.9873959610856, 5.6304741931998, 0.13403428783827, 2.5414123970957, -0.49552460340287, 1866.6666666667, 56, 33.333333333333, 58308377.911
57, 0.014125280700308, 0.14736004676361, -0.033476695445077, 7024.4143484627, 0.058056423199477, 0.11152284326894, 0.08501354732896, 1.1215515418942, -2.6113587159023, -0.2230935118862, -0.67942604219862, 2.4779546520439, 0.96710015869678, 0.91313353413359, -1.9212041930823, 3.9023824137566, 5.8032105519117, 0.12572944303347, 2.6529352403647, -0.55358102660235, 1900, 57, 33.333333333333, 58308411.731
58, -0.030328978261032, 0.13088715051809, 0.017003044817174, 7049.2207407407, -0.0073844358525008, 0.093046657995319, 0.098123321229976, 1.0808562737528, -2.4814843638817, -0.24391826621302, -0.78160582217029, 2.5503227129403, 1.0481124083125, 0.84752319004414, -1.9875437873581, 3.8042590925266, 0.079196726234161, 0.093339222500284, 2.74598189836, -0.54619659074985, 1933.3333333333, 58, 33.333333333333, 58308445.569
59, -0.0065392035590547, 0.062271814548953, 0.055627465291992, 6768.7323809524, -0.019441926027578, 0.013652965970086, 0.080315397015613, 1.1207800736234, -2.3920982695405, -0.24883927127454, -0.8917828185469, 2.5634304748387, 1.0576576621092, 0.84776731379895, -2.0112934821138, 3.723943695511, 0.95856625141672, 0.023756935144124, 2.7596348643301, -0.52675466472227, 1966.6666666667, 59, 33.333333333333, 58308478.435
60, 0.022095784394041, 0.046308692651407, 0.043868793567332, 6808.9544600939, 0.0073983285857194, -0.0040869536398443, 0.066975751553881, 1.1635225801583, -2.3268725023175, -0.28398010576664, -0.98325631903123, 2.5410334272843, 1.0816677114593, 0.84739419456908, -2.0028510769002, 3.6569679439571, 4.2076929171246, 0.0084521273012485, 2.7555479106902, -0.53415299330799, 2000, 60, 33.333333333333, 58308512.237
61, 0.0069894836067801, 0.03978110822648, 0.022775911154607, 6528.8481071099, 0.0032141122472958, 0.010619186647268, 0.045022593651978, 1.1764459347717, -2.2785341453306, -0.30456918899557, -1.0414084528919, 2.5362867681532, 1.1055562579209, 0.83651898983932, -2.0050438085014, 3.6119453503051, 5.989280514124, 0.01109493770094, 2.7661670973375, -0.53736710555529, 2033.3333333333, 61, 33.333333333333, 58308545.09
62, -0.012178589979247, 0.06523884714761, 0.03009083255148, 6581.7646524307, -0.011478734146536, 0.032765583117703, 0.064066673552036, 1.1765614645629, -2.2015746708502, -0.31267714026713, -1.1239229244841, 2.5541583292263, 1.1348136092388, 0.8117266209927, -2.0293398319446, 3.5478786767531, 0.33696788993511, 0.034718075618472, 2.7989326804552, -0.52588837140875, 2066.6666666667, 62, 33.333333333333, 58308578.906
63, 0.00072656725382087, 0.07020312523208, 0.004029767771392, 6620.6549360146, 0.012996776385483, 0.04469742039188, 0.052711195532962, 1.1530147496201, -2.1384200927845, -0.34793218033543, -1.1827511815446, 2.5607397117906, 1.2000717693515, 0.76540165156839, -2.0338456610377, 3.4951674812201, 6.0002155482995, 0.046548636780283, 2.8436301008471, -0.53888514779423, 2100, 63, 33.333333333333, 58308611.813
64, -0.0019952289924794, 0.094151841096266, -0.010980089389805, 6468.6646761599, 0.02270655489302, 0.070616317861323, 0.059049644369429, 1.1025133262698, -2.0635132105272, -0.39720264510944, -1.2414568403887, 2.5717559831628, 1.3025046142956, 0.69124080076472, -2.0348055961981, 3.4361178368507, 5.9720785399003, 0.074177166186106, 2.9142464187084, -0.56159170268725, 2133.3333333333, 64, 33.333333333333, 58308645.655
65, -0.063336107482034, 0.10902025974137, 0.024056468023284, 6717.1682509506, -0.043423036990299, 0.090026344804137, 0.080531300117111, 1.0442565924943, -1.9524887400313, -0.36942142786389, 1.2376437229419, -2.4532964400798, -1.253219351563, 0.61505027022611, -2.0994604121684, 3.3555865367336, 0.44941762434541, 0.09995150274135, 3.0042727635125, -0.51816866569695, 2166.6666666667, 65, 33.333333333333, 58308678.543
66, -0.038577838391205, 0.10531931036691, -0.021747751289094, 6574.3388625592, -0.0011608519464203, 0.10163371125066, 0.052178660364248, 0.96062286319782, -1.8711074955417, -0.38958177843355, 1.1984690632549, -2.3355945749287, -1.2682752280556, 0.51543297691041, -2.1195839431245, 3.3034078763694, 0.011421421636789, 0.1016403406125, 3.1059064747632, -0.51700781375053, 2200, 66, 33.333333333333, 58308711.399
67, -0.0043168763655078, 0.080044643399456, -0.016416726771162, 6528.8533086534, 0.020441654288216, 0.06528402025622, 0.044893482216539, 0.91434380260711, -1.8076372224352, -0.42765758308012, 1.1904210550695, -2.2425702674823, -1.2993440728455, 0.4479475602546, -2.1084104814333, 3.2585143941528, 5.9797367886638, 0.068409535379605, 3.1711904950194, -0.53744946803875, 2233.3333333333, 67, 33.333333333333, 58308745.278
68, -0.024006170913233, 0.055472314062852, 0.018920256887073, 6767.3236397749, -0.018252099018332, 0.038121914624439, 0.047170228925328, 0.89402219817198, -1.7488837668829, -0.41468068184563, 1.1946704343464, -2.181732112554, -1.27039853232, 0.41169584685779, -2.1301342531055, 3.2113441652275, 0.44652984945473, 0.042266056040374, 3.2093124096439, -0.51919736902042, 2266.6666666667, 68, 33.333333333333, 58308779.139
69, -0.076721677190198, 0.082424935659935, -0.0041177527487906, 6907.2646788991, -0.046845398797585, 0.094388517298743, 0.039916889542667, 0.80800150434922, -1.6801910676372, -0.37942587698263, 1.1310932776006, -2.0983420395199, -1.2272139104442, 0.31976165105638, -2.1816163383051, 3.1714272756848, 0.46068644076994, 0.10537401760567, 3.3037009269426, -0.47235197022283, 2300, 69, 33.333333333333, 58308812.012
70, -0.052908075902554, 0.077614715577017, 0.0082827145207477, 6848.9318592058, -0.033379465364548, 0.072808975878761, 0.049765211273608, 0.75192589326503, -1.6077160561486, -0.35485743608788, 1.1007572480744, -2.0175909687278, -1.1881700146258, 0.24712589025895, -2.2153526802447, 3.1216620644112, 0.4298608486196, 0.080095790629328, 3.3765099028214, -0.43897250485828, 2333.3333333333, 70, 33.333333333333, 58308844.89
71, -0.02228377780646, 0.080795624407364, -0.026573382187989, 6990.8622727273, 0.010077621725074, 0.08007776360157, 0.034880333062484, 0.69149434897728, -1.5444087885595, -0.38134265287293, 1.0718248996517, -1.9265058146882, -1.2068004145666, 0.16748434315998, -2.2022908455202, 3.0867817313487, 6.1579955035076, 0.080709396497946, 3.4565876664229, -0.44905012658336, 2366.6666666667, 71, 33.333333333333, 58308878.758
72, -0.027010958729116, 0.068301351521066, -0.034546858503178, 7316.5041979673, 0.0072945331661405, 0.078410631354336, 0.019665060895183, 0.62541796229713, -1.495758907135, -0.40533820929616, 1.0296406768159, -1.8493887246158, -1.2278337687903, 0.089709875336708, -2.1899465301413, 3.0671166704536, 6.1904224001606, 0.078749205224545, 3.5349982977773, -0.4563446597495, 2400, 72, 33.333333333333, 58308911.629
73, -0.025284428484713, 0.062292317954452, 0.0032731073427479, 7055.5799554566, -0.010492596217406, 0.052168549459887, 0.041215243581521, 0.59019031300826, -1.4383120211817, -0.39941841561267, 1.0157179110828, -1.7845070631312, -1.2084602533879, 0.0367843141863, -2.1954384636748, 3.025901426872, 0.19848068023179, 0.053213270225858, 3.5871668472372, -0.44585206353209, 2433.3333333333, 73, 33.333333333333, 58308945.51
74, -0.024928917412444, 0.038772488740064, -0.0049795292467704, 6881.1150636803, -0.011042361478657, 0.040809119364823, 0.019032460366874, 0.55610431642873, -1.4060299671737, -0.39436437043181, 0.99276635672828, -1.7445008371758, -1.1981892430923, -0.005083726419016, -2.2012980341749, 3.0068689665052, 0.26425759705218, 0.042276683530732, 3.627975966602, -0.43480970205343, 2466.6666666667, 74, 33.333333333334, 58308978.355
75, -0.033675815655538, 0.033274688561356, -0.0030028299137155, 6856.4604221636, -0.020583421803548, 0.040148115459817, 0.014653805590838, 0.51789861866111, -1.3793020309459, -0.38010369844743, 0.96149808292262, -1.7122155793815, -1.1808878268487, -0.047741166875967, -2.2159901086862, 2.9922151609143, 0.47374571592699, 0.045117052520279, 3.6681240820618, -0.41422628024989, 2500, 75, 33.333333333333, 58309012.262
76, 0.0017274495178777, 0.029211902055893, -0.007247739217789, 6779.140753573, 0.010883352888405, 0.022963611656801, 0.016219562167675, 0.50707595315083, -1.3530938907858, -0.3933710253539, 0.96314618125804, -1.6785445645443, -1.1875025147943, -0.068713463367393, -2.2016400446445, 2.9759955987466, 5.8406029454368, 0.025412100078859, 3.6910876937186, -0.42510963313829, 2533.3333333333, 76, 33.333333333333, 58309045.135
77, -0.0044167234906087, 0.0082633469272871, -0.010010174423588, 6857.7335640138, 0.002681355831892, 0.013327587806822, -0.0017831643160632, 0.49470477108665, -1.3487119325146, -0.40020805083637, 0.95359325263184, -1.668042646524, -1.1951587531057, -0.081421043290133, -2.1968097617912, 2.9777787630627, 6.0846473335423, 0.013594641070869, 3.7044152815254, -0.42779098897018, 2566.6666666667, 77, 33.333333333333, 58309079.005
78, -0.018894407773859, -0.0064539325696175, -0.0098376668273311, 6728.1129943503, -0.012776560081121, 0.010198354382925, -0.015105782327221, 0.47421973751785, -1.3604651166127, -0.39390776583291, 0.92711390220493, -1.6756663657678, -1.1961210705578, -0.093483397267006, -2.2078434271842, 2.9928845453899, 0.89714893157263, 0.016347688510191, 3.7146136359084, -0.41501442888906, 2600, 78, 33.333333333333, 58309111.875
79, -0.0079404025011834, -0.015813223500909, -0.034493190613846, 6861.4702561876, 0.0064431497265619, 0.012609584552264, -0.03608839740296, 0.44861883247384, -1.3865462159901, -0.41365542452392, 0.89493052355093, -1.6858728849679, -1.2296051705055, -0.10514540590784, -2.1998126766469, 3.0289729427929, 5.8107983554447, 0.0141603601995, 3.7272232204606, -0.42145757861562, 2633.3333333333, 79, 33.333333333333, 58309145.748
80, -0.033096978537565, 0.01085984220578, -0.037572108461156, 6728.0986956522, -0.0081646083690806, 0.044297508787937, -0.024414736955976, 0.39321867899313, -1.3910596739614, -0.42261780020432, 0.83858500263115, -1.6700359123234, -1.2491826757902, -0.15003718956575, -2.2034955276769, 3.0533876797489, 0.1822674548068, 0.0450436467733, 3.7715207292486, -0.41329297024654, 2666.6666666667, 80, 33.333333333333, 58309178.628
81, -0.031425441915922, 0.01409251832507, -0.073111143315812, 6541.0043554007, 0.010874432542975, 0.065762579890038, -0.045699305819381, 0.31388492419975, -1.3998034542763, -0.46197702399447, 0.76163465694566, -1.6393686497478, -1.3044331318947, -0.21494388144964, -2.1883506709997, 3.0990869855682, 6.1193092514588, 0.066655608893216, 3.8372833091386, -0.42416740278952, 2700, 81, 33.333333333333, 58309212.468
82, -0.039012006556036, 0.038501601660672, -0.054393101209869, 6516.0610820244, 0.00043100022114455, 0.075248388041852, -0.017332448791343, 0.23459066158532, -1.3807723246078, -0.48243728091716, 0.69181571965816, -1.5890353774012, -1.3299883918572, -0.290133725461, -2.1853740748203, 3.1164194343596, 6.2774576694289, 0.075249622351795, 3.9125316971804, -0.42459840301066, 2733.3333333333, 82, 33.333333333333, 58309245.385
83, -0.031731064995344, 0.022431899951695, -0.043040643051487, 5995.5447402881, -0.0020315795263715, 0.054537724815326, -0.019597367988149, 0.1734257000904, -1.3727889150863, -0.49712270523211, 0.63502738900027, -1.5569797470634, -1.3503029011413, -0.34469541949462, -2.186566937208, 3.1360168023477, 0.037233687716173, 0.054575550784249, 3.9670694219958, -0.42256682348429, 2766.6666666667, 83, 33.333333333333, 58309278.237
84, -0.071830694160983, 0.055244620731115, -0.033146973953371, 6184.5685234306, -0.034352799193152, 0.090143659838454, 0.0020843234305003, 0.077920257943887, -1.3391471250903, -0.47618833322225, 0.54718620644023, -1.5035215898969, -1.3299179363097, -0.43506443555467, -2.2203224108278, 3.1339324789172, 0.36409866296265, 0.096467581194284, 4.0572130818342, -0.38821402429114, 2800, 84, 33.333333333333, 58309312.118
85, -0.057993502640345, 0.038023708066593, -0.033221528524023, 6379.8631719236, -0.025993812308432, 0.071994471838816, -0.0073373310832682, -0.0012653642831323, -1.3176645033197, -0.46441398971767, 0.47283639266975, -1.4631974837872, -1.3204130464377, -0.5071619365245, -2.2460285961794, 3.1412698100005, 0.34648736095484, 0.076543335788794, 4.129207553673, -0.36222021198271, 2833.3333333333, 85, 33.333333333333, 58309345.98
86, -0.030934567541275, 0.049556180365508, -0.033392535733618, 6368.6790286976, -0.00042838452921658, 0.066990091201322, 0.0063220322396468, -0.060243642308828, -1.2776022057085, -0.46957823887506, 0.42867136958769, -1.4056281613522, -1.318789383246, -0.57415300902595, -2.246223594197, 3.1349477777609, 0.0063946575143074, 0.066991460892163, 4.1961976448744, -0.36179182745349, 2866.6666666667, 86, 33.333333333333, 58309378.831
87, -0.045616765175419, 0.049543853228555, -0.053359205386096, 6170.8530450132, -0.0034602716852723, 0.085249661658921, -0.010159191116478, -0.14381147561024, -1.2404515226622, -0.48200352614651, 0.35930951849764, -1.3406354397146, -1.3275476076887, -0.65940763882823, -2.2495504086718, 3.1451069688773, 0.040567589198423, 0.085319858726421, 4.2814473065333, -0.35833155576822, 2900, 87, 33.333333333333, 58309411.707
88, -0.061204042262333, 0.057078836250013, -0.029974715731166, 6013.8833481745, -0.026406665502338, 0.084531438178012, 0.0077159507952109, -0.22690837405838, -1.1989925114812, -0.46307059220534, 0.28697806330259, -1.2838214498086, -1.3034625496982, -0.74394795032291, -2.2759279611877, 3.1373910180821, 0.30278346105456, 0.088560013682222, 4.3659787447113, -0.33192489026588, 2933.3333333333, 88, 33.333333333333, 58309445.574
89, -0.085075692586123, 0.05931944435149, -0.024842323963432, 6249.566922037, -0.048808440201266, 0.094499585096714, 0.0078342573834683, -0.32681313942665, -1.1600092557586, -0.42461805391266, 0.19364365456488, -1.2315023965539, -1.2626186851218, -0.83884045335826, -2.3239674662159, 3.1295567606987, 0.47675533405866, 0.10635993333174, 4.460478329808, -0.28311645006461, 2966.6666666667, 89, 33.333333333334, 58309478.457
90, -0.073875168797094, 0.070790983242186, -0.077324664999599, 6075.8944954128, -0.011862591433839, 0.12655806189254, -0.017039471381878, -0.44878009784436, -1.0981290425535, -0.43515433348864, 0.093280090220047, -1.1336883766697, -1.2627874705757, -0.96543800773655, -2.3353848577035, 3.1465962320805, 0.093459338803696, 0.12711280071464, 4.5870363917005, -0.27125385863077, 3000, 90, 33.333333333333, 58309512.308
91, -0.036346278115769, 0.055915633506517, -0.061747605156176, 5560.878280543, 0.0097647214972168, 0.089873593106517, -0.0093682560828066, -0.52507738164867, -1.0414902448126, -0.45492849329404, 0.03815210375527, -1.0517755554236, -1.2686505395297, -1.0554016713375, -2.3264912802863, 3.1559644881633, 6.1749603238389, 0.090402502862443, 4.6769099848071, -0.28101858012799, 3033.3333333333, 91, 33.333333333333, 58309545.161
92, -0.0094590760927722, 0.028949662938815, -0.024245943907459, 5808.6925826631, 0.0093734272472195, 0.037714179870846, 0.0022808768213077, -0.55173996396686, -1.0108475733286, -0.46277425241789, 0.022488782216758, -1.0131466861005, -1.2677128126818, -1.0932365621704, -2.3176176720273, 3.153683611342, 6.0395826069869, 0.038861555574751, 4.7146241646779, -0.29039200737521, 3066.6666666667, 92, 33.333333333333, 58309579.025
93, -0.0078623894182388, 0.003684174641359, -0.001795946496423, 5579.6688510266, -0.0051153070646589, 0.0072389692543305, -0.00021608271376532, -0.5603918421933, -1.0090905026636, -0.45939692314785, 0.013842169137853, -1.0101764372408, -1.2645687997668, -1.1004125927041, -2.3228209044577, 3.1538996940558, 0.61516493601554, 0.0088639179954968, 4.7218631339322, -0.28527670031055, 3100, 93, 33.333333333333, 58309611.885
94, -0.0083984415601684, 0.0058021267531146, -0.0051449891589356, 5889.8775065388, -0.0035448436951943, 0.010813999203518, -0.00107745688883, -0.5716629077647, -1.0046349001522, -0.4580417536256, 0.0037222569184864, -1.0032292681663, -1.262611246207, -1.1111801642115, -2.3265043658302, 3.1549771509446, 0.31676354737919, 0.011380179945724, 4.7326771331358, -0.28173185661536, 3133.3333333333, 94, 33.333333333333, 58309645.738
95, 0.011032557134124, 0.024327071174692, -0.0031452824138876, 5566.2166592822, 0.015887476077511, 0.012925612627508, 0.017433678682637, -0.56778164025836, -0.97758602747863, -0.45818197515138, 0.01654175922486, -0.98012383027892, -1.2532274824308, -1.1241796387335, -2.3106775828465, 3.137543472262, 5.3953511817742, 0.020481292876913, 4.7456027457633, -0.29761933269287, 3166.6666666667, 95, 33.333333333333, 58309678.623
96, -0.012062404579148, 0.043379881042042, -0.026490201621978, 5735.0162923822, 0.011156964035313, 0.04994757760155, 0.010478936524177, -0.59985929661515, -0.93286622383301, -0.46205741195313, -0.00092191091402109, -0.92886459797525, -1.243930056573, -1.1740212162075, -2.2990572110832, 3.1270645357378, 6.0634195518473, 0.051178495041845, 4.7955503233648, -0.30877629672818, 3200, 96, 33.333333333333, 58309712.501
97, -0.0087606305906283, 0.057888449179132, -0.036183987053085, 5810.1489455185, 0.021558563919452, 0.063633556369764, 0.014936563903227, -0.63580314258738, -0.8705205515371, -0.47085215458739, -0.016407114618304, -0.85896634051084, -1.2332552130659, -1.2371646560743, -2.2761044661736, 3.1121279718346, 5.9565296845687, 0.067186316869829, 4.8591838797346, -0.33033486064763, 3233.3333333333, 97, 33.333333333333, 58309745.359
98, -0.0043579403789484, 0.036554560297928, -0.0063713137008785, 5603.7359231777, 0.0067577809640903, 0.030313056167298, 0.020767093764798, -0.64950501190281, -0.83532043673057, -0.46187014239004, -0.020650232165649, -0.82677765272671, -1.213613679382, -1.2671839285892, -2.2681445819295, 3.0913608780698, 6.0638391209355, 0.031057188825784, 4.8894969359019, -0.33709264161172, 3266.6666666667, 98, 33.333333333333, 58309779.23
99, -0.0069947597549793, 0.036571116931678, -0.0065762107614071, 5770.0564057718, 0.0046044295547399, 0.031694571339155, 0.02009659627254, -0.66551353745285, -0.80071336928493, -0.45195901537549, -0.027705453011214, -0.79482173794281, -1.1934588825984, -1.2985430512546, -2.2616392237546, 3.0712642817973, 6.1389195370741, 0.032027279370832, 4.921191507241, -0.34169707116646, 3300, 99, 33.333333333333, 58309812.127
100, -0.026330769055467, 0.048339664778689, 0.029577477199018, 5623.212803532, -0.026775571519683, 0.028398321971209, 0.048800244122756, -0.68579323242657, -0.77093123475065, -0.39767762549967, -0.046944250802266, -0.78244104107449, -1.1340456572664, -1.3293438048782, -2.2856064114692, 3.0224640376745, 0.75599507659528, 0.039030704848697, 4.9495898292122, -0.31492149964678, 3333.3333333333, 100, 33.333333333333, 58309845.025
101, -0.008508215214069, 0.054348269577669, 0.024245870185153, 5718.6299868479, -0.0077706451099167, 0.026981204035654, 0.053156542933239, -0.691972471384, -0.7291678281714, -0.35254453751636, -0.047599698980715, -0.75998267197777, -1.0780395406393, -1.3571642665813, -2.289376847612, 2.9693074947413, 0.2804135851809, 0.02807789694115, 4.9765710332479, -0.30715085453686, 3366.6666666667, 101, 33.333333333333, 58309878.938
102, 0.0044135705180439, 0.077519997133544, -0.0092937219408037, 5910.6289198606, 0.023994377107958, 0.055403546850227, 0.049698286604582, -0.70131905424591, -0.65162885293624, -0.33394826702146, -0.037833265010829, -0.69493781710685, -1.0344060022556, -1.4067904251461, -2.2549991779396, 2.9196092081367, 5.8744876042719, 0.060376180206967, 5.0319745800981, -0.33114523164482, 3400, 102, 33.333333333333, 58309911.844
103, -0.0064258640407196, 0.092814289856014, -0.030807643446102, 5728.7958206356, 0.028103404073072, 0.083026406447941, 0.043837307589485, -0.72931415052277, -0.55449099711601, -0.32589221159244, -0.040782644520014, -0.60330062212395, -0.99487388285548, -1.4805672431615, -2.2076809660686, 2.8757719005472, 5.956803161612, 0.087653781938676, 5.1150009865461, -0.35924863571789, 3433.3333333333, 103, 33.333333333333, 58309945.723
104, -0.022642691388415, 0.04793655111829, -0.0015368795757711, 5530.9757174393, -0.0088633754623305, 0.043953075738997, 0.02832903305363, -0.7575907196317, -0.512972339181, -0.3032237493627, -0.061644297697893, -0.56664342089554, -0.96155368936098, -1.5252566819489, -2.2040532525488, 2.8474428674936, 0.19898679130695, 0.044837844411883, 5.1589540622851, -0.35038526025556, 3466.6666666667, 104, 33.333333333334, 58309978.604
105, -0.015490136804316, 0.042635200601665, 0.037469444558475, 5623.3375490624, -0.022433049825163, 0.014935991399926, 0.052300462526868, -0.76709508267881, -0.48918947181289, -0.24803706307755, -0.07367628018361, -0.56277701243931, -0.90330376354966, -1.5464938500648, -2.2206409905578, 2.7951424049667, 0.98339189929256, 0.026950427891908, 5.173890053685, -0.3279522104304, 3500, 105, 33.333333333333, 58310012.434
106, 0.0028102325961167, 0.03755319210768, 0.020035382545593, 5327.6623320329, 0.00049433623053151, 0.012654464066072, 0.040732988711369, -0.76248925487707, -0.4607276881798, -0.21529005949493, -0.067220957374002, -0.55048069047893, -0.86282056747134, -1.5581284142123, -2.2156413947431, 2.7544094162553, 6.2441409822734, 0.012664115804443, 5.1865445177511, -0.32844654666093, 3533.3333333333, 106, 33.333333333333, 58310045.278
107, 0.02378768066429, 0.038084413465018, 0.011467295502785, 5804.737254902, 0.022624879810787, 0.0078730429323129, 0.039672473770138, -0.73932542611229, -0.42570187644186, -0.19492952254917, -0.038947616188105, -0.53296989386048, -0.82967198990443, -1.5564017705777, -2.1917495942091, 2.7147369424852, 5.0472645818113, 0.023955583722101, 5.1944175606834, -0.35107142647172, 3566.6666666667, 107, 33.333333333333, 58310079.145
108, 0.010692711967767, 0.024740159575143, 0.064128357464861, 5303.6598874946, -0.016407349058177, -0.024647354879384, 0.062945711613286, -0.71591088286023, -0.42394196395843, -0.12766415833052, -0.026898869683977, -0.56156507706353, -0.76519157812444, -1.5415599140744, -2.2173648466693, 2.6517912308719, 2.5542706867639, 0.029609005482575, 5.169770205804, -0.33466407741354, 3600, 108, 33.333333333333, 58310112.017
109, 0.02018046915013, 0.025471826888772, 0.029237549351069, 5412.1266205704, 0.0084959336970755, -0.0089532565976001, 0.041935163039383, -0.69056116681141, -0.40810380860579, -0.09508064835755, -0.0038377643091989, -0.56575083116365, -0.72715770817192, -1.5295969715364, -2.2143302511095, 2.6098560678325, 3.9007879832856, 0.012342677711403, 5.1608169492064, -0.34316001111062, 3633.3333333333, 109, 33.333333333333, 58310145.9
110, 0.01520985050504, 0.023314232944689, 0.021352194180197, 5270.0855661193, 0.0075678631872248, -0.0035869578834375, 0.034068612921803, -0.67161930224189, -0.39195003787394, -0.069816326946653, 0.014101567974188, -0.56524674910351, -0.69626487191653, -1.5225893251098, -2.2097449101345, 2.5757874549107, 4.2697794497244, 0.0083748922427758, 5.1572299913229, -0.35072787429784, 3666.6666666667, 110, 33.333333333333, 58310178.798
111, -0.0023990274299966, 0.023419867029325, 0.0082426968312156, 5446.0393258427, -0.0012130394225066, 0.012269956328858, 0.021683271487021, -0.67260074363685, -0.37230787440804, -0.053621451702039, 0.014799285128361, -0.55302025151443, -0.67450586066027, -1.5335363425347, -2.2040721225945, 2.5541041834237, 0.098542358298924, 0.01232977262372, 5.1694999476518, -0.34951483487533, 3700, 111, 33.333333333333, 58310212.676
112, -0.0051737744071325, 0.02210134984795, -0.004152731223023, 5464.3458549223, 0.0020584563250234, 0.019705478785054, 0.011829608900459, -0.67859255117321, -0.34990332906322, -0.049149644393547, 0.013328920216258, -0.53292615765074, -0.66306596683728, -1.548721877998, -2.1913466223013, 2.5422745745232, 6.1791016859247, 0.019812701395575, 5.1892054264369, -0.35157329120036, 3733.3333333333, 112, 33.333333333334, 58310245.548
113, -0.012237762759134, 0.018693738898908, 0.020706046318439, 5431.1549112938, -0.016532405208504, 0.0067230799050636, 0.024686815106909, -0.68705389925873, -0.33945040325081, -0.020977340427191, 0.002150506679297, -0.53098462259412, -0.63439442223199, -1.5637190516689, -2.20102080661, 2.5175877594163, 1.1845611651866, 0.017847134934998, 5.1959285063419, -0.33504088599185, 3766.6666666667, 113, 33.333333333333, 58310278.416
114, -0.015304425105333, 0.020713352627982, -0.027224741288698, 5448.7633851468, 0.0041191224998958, 0.036626873003747, -0.0067793765886397, -0.70659840393796, -0.31063523437295, -0.037152478491985, -0.0073766583132388, -0.49447726277216, -0.6410217669717, -1.5911203101966, -2.1763700226577, 2.524367136005, 6.1711941097217, 0.036857767108193, 5.2325553793457, -0.33916000849175, 3800, 114, 33.333333333333, 58310312.32
115, -0.041727788608965, 0.068447419083848, -0.034981553642709, 6174.4509973981, -0.0050511275399185, 0.085756863915885, 0.016438157396133, -0.75307698512218, -0.23403109079689, -0.039719833932647, -0.03540775711716, -0.41297557875247, -0.6207438570716, -1.6636001058958, -2.1302584511676, 2.5079289786088, 0.058832590023787, 0.085905492246492, 5.3183122432616, -0.33410888095183, 3833.3333333333, 115, 33.333333333333, 58310346.171
116, -0.097769097166067, 0.083292241987019, -0.10977269171103, 5314.0782268579, -0.014268484910519, 0.16468785027063, -0.034939377398206, -0.86263161356484, -0.11572813217189, -0.10132596359606, -0.10683588266043, -0.2578277312159, -0.6441954801761, -1.8062386537793, -2.0467281193061, 2.542868356007, 0.086423759250048, 0.1653048023755, 5.4830000935322, -0.31984039604131, 3866.6666666667, 116, 33.333333333333, 58310379.05
117, -0.013217995924301, 0.038518242571519, 0.020552602529437, 5449.0130548303, -0.013259809864359, 0.020638800409955, 0.038457733393758, -0.87596105823061, -0.08925700926047, -0.064735849550672, -0.12092636967595, -0.24373646290054, -0.60295281704483, -1.8307415337505, -2.0455783444377, 2.5044106226133, 0.57106348851325, 0.024531258426769, 5.5036388939421, -0.30658058617695, 3900, 117, 33.333333333333, 58310411.917
118, -0.024232485849912, 0.028141161589197, -0.0067551840717796, 5330.9123644252, -0.011765157561522, 0.034315095304124, 0.010431977747317, -0.90116197566873, -0.060881379123214, -0.057725212214735, -0.14116184516303, -0.21459194458173, -0.58866910699338, -1.8652648659208, -2.0344395363391, 2.493978644866, 0.33029688620206, 0.036275952064399, 5.5379539892463, -0.29481542861543, 3933.3333333333, 118, 33.333333333333, 58310445.777
119, -0.01988480033519, 0.043577027683909, -0.034188338427132, 5525.4369057908, 0.008180921734677, 0.058152144874907, 0.0038217373747468, -0.92304643946772, -0.0054800615627867, -0.069390930272556, -0.14972936413463, -0.15604401257389, -0.58080681765637, -1.9066276506867, -1.9927536210282, 2.4901569074912, 6.1434211846828, 0.058724777002396, 5.5961061341212, -0.30299635035011, 3966.6666666667, 119, 33.333333333334, 58310478.66
120, -0.023963102617553, 0.09816489698978, -0.036544728530233, 5733.8353500432, 0.016935437186462, 0.098218792726032, 0.040154130474536, -0.94980213228545, 0.10181813515245, -0.057966946109965, -0.15803799495065, -0.058723767802716, -0.53350698721818, -1.972980392226, -1.9183909776976, 2.4500027770167, 6.1124386008109, 0.099668150766711, 5.6943249268472, -0.31993178753657, 4000, 120, 33.333333333333, 58310512.536
121, -0.057431836442918, 0.084938372226765, -0.066314390908421, 5257.3722943723, -0.00017412801341212, 0.12204907007617, 0.0038125487893903, -1.0063661864298, 0.21106538691644, -0.082118980446197, -0.19030745078684, 0.059803092050855, -0.51907629116471, -2.0669493191989, -1.8405075412373, 2.4461902282273, 0.0014267039901123, 0.12204919429075, 5.8163739969234, -0.31975765952316, 4033.3333333333, 121, 33.333333333333, 58310545.43
122, -0.045017981938454, 0.040188207124201, -0.006237457682273, 5696.0922477263, -0.027329984512055, 0.052032391371552, 0.015043894533505, -1.0528465252105, 0.25000074536228, -0.07263108197147, -0.23083435684721, 0.10194865225662, -0.5001485077464, -2.1243146971023, -1.8277227789117, 2.4311463336938, 0.48364252609281, 0.058773274583535, 5.8684063882949, -0.2924276750111, 4066.6666666667, 122, 33.333333333333, 58310579.283
123, -0.06889359010827, 0.063586187568639, -0.029363971451684, 5942.2829289428, -0.031947172107793, 0.092231216644738, 0.011160362784527, -1.12125326801, 0.32245959056171, -0.074712496434274, -0.28565505864815, 0.18256556183377, -0.48030916694306, -2.2148651910879, -1.7912846881042, 2.4199859709093, 0.33344743559044, 0.0976074747622, 5.9606376049397, -0.26048050290331, 4100, 123, 33.333333333333, 58310612.153
124, -0.033228752615843, 0.043119387351318, -0.026869788913527, 5984.3885047537, -0.0068120606658067, 0.060057259919693, 0.0056690812870561, -1.1527585245669, 0.37597697307968, -0.07997232485802, -0.30738398645326, 0.23858418943601, -0.46709805302386, -2.2643546692249, -1.7565851056774, 2.4143168896222, 0.11294339192419, 0.060442357991529, 6.0206948648594, -0.2536684422375, 4133.3333333333, 124, 33.333333333333, 58310646.045
125, -0.029346544992491, 0.088355012909048, -0.038593591634337, 6183.7392996109, 0.011312018348729, 0.09532559185321, 0.030697933205762, -1.1807386262444, 0.47677595463408, -0.068627812953087, -0.32221727438173, 0.32880990992671, -0.42112538512938, -2.326928909547, -1.6837928240396, 2.3836189564164, 6.165070495905, 0.095994428074169, 6.1160204567126, -0.26498046058623, 4166.6666666667, 125, 33.333333333334, 58310678.922
126, -0.04424162907653, 0.069546695550723, -0.070990339817, 5960.701208981, 0.010199026565072, 0.10804072841751, -0.0075414728562255, -1.2124397446525, 0.58102337722346, -0.099915944514546, -0.33453313916186, 0.43765642017563, -0.41013613374348, -2.3986873702171, -1.6023834257206, 2.3911604292727, 6.1890643950917, 0.10852105390136, 6.2240611851301, -0.2751794871513, 4200, 126, 33.333333333333, 58310712.775
127, -0.044934688521717, 0.048340601885814, -0.043555986650385, 6191.8522678186, -0.007798128884431, 0.07857475989845, -0.0042732059531178, -1.2487873761566, 0.65051413611818, -0.12126632816445, -0.35818980945639, 0.5136746524805, -0.40390209416612, -2.461576579181, -1.5546367796748, 2.3954336352258, 0.098920780096853, 0.078960773218081, 6.3026359450285, -0.26738135826687, 4233.3333333333, 127, 33.333333333333, 58310745.657
128, -0.071707500494036, 0.04941200958528, -0.0011504255748439, 6336.3792656587, -0.050697163905468, 0.068073883219421, 0.019508454391161, -1.3238568851965, 0.69465780503705, -0.11582732877157, -0.42667088795427, 0.56666382808012, -0.38734971075993, -2.5458848696581, -1.5448309670491, 2.3759251808346, 0.64012450086878, 0.084877888785179, 6.3707098282479, -0.2166841943614, 4266.6666666667, 128, 33.333333333334, 58310778.54
129, -0.043150043449531, 0.060121113586122, -0.022866460616541, 6689.5506493506, -0.013741587927959, 0.073975590275008, 0.018388321683663, -1.3654576075244, 0.76204202375836, -0.11034082882447, -0.4605539538367, 0.63185984521141, -0.35911876147984, -2.6083547753368, -1.502895534154, 2.357536859151, 0.1836649777063, 0.075241073858085, 6.444685418523, -0.20294260643345, 4300, 129, 33.333333333333, 58310812.424
130, -0.023684135476727, 0.085292569521407, -0.076880388293081, 6485.1342252913, 0.033791778342227, 0.11220126471875, 0.00391748706712, -1.3704250635431, 0.88750993255023, -0.12257643119791, -0.45177475367614, 0.74486517185474, -0.31996962837314, -2.6637349811421, -1.3996287707204, 2.3536193720838, 5.9906544554281, 0.11717938422785, 6.5568866832417, -0.23673438477567, 4333.3333333333, 130, 33.333333333333, 58310846.259
131, -0.047151512357519, 0.063821119984411, -0.065436099581076, 6397.1174946004, 0.0038957434142696, 0.10242749138302, -0.0084685178326336, -1.3958801352951, 0.98865993760703, -0.15148208525226, -0.46402040429309, 0.84723234157943, -0.30493799666449, -2.7335318941366, -1.3245628005465, 2.3620878899165, 6.245169473084, 0.10250155027007, 6.6593141746247, -0.24063012818994, 4366.6666666667, 131, 33.333333333333, 58310879.188
132, -0.059157397621424, 0.038874788327161, -0.0071595514664498, 6291.1715643907, -0.039246722287339, 0.058395539303247, 0.010571746175776, -1.4540938433241, 1.0285723579064, -0.16055281407001, -0.51585377419322, 0.89664643088166, -0.29987117883588, -2.8025833113048, -1.311064549377, 2.3515161437407, 0.59174386653087, 0.070358682625647, 6.717709713928, -0.2013834059026, 4400, 132, 33.333333333334, 58310912.077
133, -0.049236490359529, 0.054891336295744, -0.018089126464994, 6243.0030250648, -0.022289256856568, 0.070646920247336, 0.016634571466418, -1.5011405221679, 1.0892370832142, -0.16072939079152, -0.55704859379806, 0.95794126601106, -0.27815172718829, -2.867848497172, -1.276019789544, 2.3348815722743, 0.30561760166271, 0.074079675428903, 6.7883566341753, -0.17909414904603, 4433.3333333333, 133, 33.333333333334, 58310945.948
134, -0.037335094247121, 0.0853044393165, -0.041266802347905, 6781.9775474957, 0.0051356746497507, 0.098580755982726, 0.025083161709223, -1.5310898577097, 1.1917247535043, -0.14751749007603, -0.5819050658378, 1.0459680878062, -0.22733316771474, -2.9314023569401, -1.2004885473757, 2.3097984105651, 6.2311362427689, 0.098714439694676, 6.886937390158, -0.18422982369578, 4466.6666666667, 134, 33.333333333333, 58310978.81
135, -0.038416736871837, 0.089436469959874, -0.074387596480804, 6403.9460276339, 0.020850477361083, 0.12059554263414, 0.0054968201305598, -1.5409261673309, 1.324254073558, -0.15343717306366, -0.58516801731489, 1.1618723570061, -0.17796454907309, -2.996934209204, -1.097127199223, 2.3043015904345, 6.1119819242891, 0.12238475113104, 7.0075329327922, -0.20508030105687, 4500, 135, 33.333333333333, 58311012.672
136, -0.038511931835046, 0.068434447289059, -0.024449656676773, 6224.4313471503, -0.0073277791977226, 0.078266971890484, 0.024182906032194, -1.5749302033405, 1.4015942350284, -0.14343668004123, -0.61689572530497, 1.229745781125, -0.13970435942292, -3.0541263130639, -1.0431995053204, 2.2801186844023, 0.093353298839925, 0.07860925668696, 7.0857999046827, -0.19775252185915, 4533.3333333333, 136, 33.333333333333, 58311045.544
137, -0.046386457835099, 0.041213952731309, -0.0069716098179373, 6194.5974082073, -0.027940935108144, 0.053789735309825, 0.014995507135836, -1.6194042659959, 1.4450601504344, -0.14937789550128, -0.6576082244414, 1.2766223918144, -0.12862067221954, -3.1101906545841, -1.0201613511874, 2.2651231772665, 0.47908416791723, 0.060613789515412, 7.1395896399925, -0.169811586751, 4566.6666666667, 137, 33.333333333333, 58311079.396
138, -0.0077853295797161, 0.031499418772869, 0.0091035626693012, 5969.2138228942, -0.0045833990787035, 0.019792272660782, 0.026887878100993, -1.6410565365961, 1.4624569109817, -0.12493226817937, -0.68119847330685, 1.2863547304993, -0.10318665549587, -3.1262104083754, -1.0076679216713, 2.2382352991655, 0.22756391058058, 0.020316043024994, 7.1593819126533, -0.1652281876723, 4600, 138, 33.333333333334, 58311112.248
139, 0.011686294352353, 0.0048773432669886, 0.010147735483264, 6255.7279792746, 0.0061447021603518, -0.0080066899839206, 0.012707086185831, -1.64021895624, 1.4557869093319, -0.10657888006184, -0.68299619869808, 1.2740412381921, -0.091466388317913, -3.1164443958831, -1.0102151091673, 2.2255282129796, 3.7961660228551, 0.010092791939699, 7.1513752226693, -0.17137288983265, 4633.3333333333, 139, 33.333333333333, 58311146.131
140, -0.0076886826230388, 0.00069204437395795, -0.0085471427242756, 5857.1463098835, -0.0023559655348128, 0.0089542639974115, -0.0068497443241275, -1.640499309472, 1.4646913999288, -0.11656184954129, -0.68176693877855, 1.2851039111978, -0.095629069279505, -3.1237851983797, -1.0045722622087, 2.2323779573038, 0.25727987577244, 0.0092590181626653, 7.1603294866668, -0.16901692429784, 4666.6666666667, 140, 33.333333333334, 58311179.024
141, -0.020472194246125, 0.015782086832416, -0.05655426582658, 5836.7996545769, 0.012686105929206, 0.052334462106849, -0.031092390991368, -1.6201512144844, 1.5269403986433, -0.15103850456194, -0.65720202892177, 1.3457530104984, -0.095493160823801, -3.1466876224825, -0.95583733458424, 2.2634703482951, 6.0453680839621, 0.053850099421081, 7.2126639487736, -0.18170303022704, 4700, 141, 33.333333333333, 58311212.911
142, -0.029085697361394, 0.0030559791859816, -0.052132249690461, 5698.2569084629, 0.0006205917505143, 0.045356046199235, -0.038929836843022, -1.6046221832846, 1.5766824799139, -0.20026521690924, -0.63601206175413, 1.4024747417197, -0.11210000634212, -3.1758542354902, -0.92110088195645, 2.3024001851382, 6.2695034923225, 0.045360291676178, 7.2580199949728, -0.18232362197756, 4733.3333333333, 142, 33.333333333333, 58311245.766
143, -0.031777665930848, 0.002354467179274, -0.054541706833755, 5860.7651122625, -0.00067461693976623, 0.047525480596212, -0.041605707999429, -1.5877158383587, 1.6276567704612, -0.25398155171275, -0.61363470752996, 1.4619666091461, -0.13122912620877, -3.2088233140736, -0.88686842996222, 2.3440058931376, 0.014193894021241, 0.047530268397268, 7.3055454755691, -0.18164900503779, 4766.6666666667, 143, 33.333333333334, 58311278.665
144, -0.041332539228437, 0.014571822246805, -0.041689373998698, 5802.0574514039, -0.012486080454643, 0.053044438028391, -0.026250830390646, -1.5911562330152, 1.6778765495352, -0.30040047562867, -0.61218984638633, 1.5218340414535, -0.1456284721505, -3.2551859867974, -0.85823353309313, 2.3702567235282, 0.2311806279356, 0.054494170430126, 7.3585899135974, -0.16916292458315, 4800, 144, 33.333333333333, 58311312.556
145, -0.028054583752829, 0.022571355513395, -0.041150967606342, 5706.0397408207, 0.0002388358893958, 0.051814718815726, -0.017467276996144, -1.5874415256349, 1.7323174001329, -0.32932883137617, -0.60663418947699, 1.5775330251735, -0.1438985550124, -3.2924847080683, -0.82226738895422, 2.3877240005244, 6.2785759181222, 0.051815269260468, 7.4104046324132, -0.16940176047254, 4833.3333333333, 145, 33.333333333333, 58311345.402
146, -0.0084502411743486, 0.021962018293121, -0.021695752477639, 5422.6601899827, 0.0075964566052444, 0.031083198782434, -0.00075571124073122, -1.5847440104021, 1.7680878162759, -0.33139184622846, -0.60489852011281, 1.6076848530535, -0.12953629118029, -3.3099564281275, -0.79546048029258, 2.3884797117651, 6.0434925518952, 0.031997990554153, 7.4414878311956, -0.17699821707779, 4866.6666666667, 146, 33.333333333333, 58311379.277
147, -0.010533530293287, 0.02193092234704, -0.023659263813833, 5584.2399654726, 0.0067454926894261, 0.033162937099717, -0.0025296859372564, -1.5814840547343, 1.8057370586891, -0.33632981188451, -0.60258353579193, 1.6403835597044, -0.11644808823514, -3.3295724543097, -0.76788344250856, 2.3910093977024, 6.0825182837777, 0.033842016321473, 7.4746507682953, -0.18374370976721, 4900, 147, 33.333333333334, 58311412.156
148, 0.00092734849699077, -0.002848072890629, 0.0031313595346512, 5539.7678031938, -0.0012807752413342, -0.0041303384402195, 0.00027717523498458, -1.5822822812262, 1.8008377857161, -0.33608134499204, -0.6031845515775, 1.636337986337, -0.11847751691694, -3.3274260669996, -0.77163752059143, 2.3907322224674, 2.8409051867982, 0.0043243590102545, 7.4705204298551, -0.18246293452588, 4933.3333333333, 148, 33.333333333334, 58311446.012
149, 0.0020874072180804, 0.00089507508796042, -3.5530152626045e-05, 5725.932671558, 0.001983953514401, -0.00036977353286033, 0.0010425385777127, -1.5812011669632, 1.8013433744962, -0.33345774582358, -0.60246232199448, 1.6355930382717, -0.11618360619456, -3.32580151236, -0.77044017941612, 2.3896896838897, 4.5281211284228, 0.002018118929327, 7.4701506563222, -0.18444688804028, 4966.6666666667, 149, 33.333333333333, 58311478.883
150, 0.0047457392165153, -0.0014551191661445, -0.029367298422537, 5524.4600776867, 0.017768915991654, 0.013355247779641, -0.019823738556668, -1.5521485543131, 1.8244654840277, -0.34370041192284, -0.57465383205863, 1.654189703309, -0.11225833057821, -3.323638557902, -0.7483177139705, 2.4095134224463, 5.3569179968331, 0.022228293204249, 7.4835059041019, -0.20221580403194, 5000, 150, 33.333333333333, 58311512.727
151, 0.0026084035586608, 0.0098808379745716, -0.01058627208255, 5646.5006473889, 0.0092919835939322, 0.011400876750723, 0.00042770903108594, -1.545491060498, 1.8406100020101, -0.33903303207956, -0.56953532092908, 1.6648414632437, -0.10110290272562, -3.3259043399188, -0.73378543340082, 2.4090857134153, 5.599350531695, 0.014707853337421, 7.4949067808526, -0.21150778762587, 5033.3333333333, 151, 33.333333333333, 58311545.64
152, 0.0094031443294351, 0.015534261003302, 0.01993391755429, 5728.025463962, 0.001695194357684, -0.0052668329531356, 0.026390912147813, -1.5631537727333, 1.8349412330468, -0.30953152197119, -0.58932392015457, 1.6516700446528, -0.081918139745423, -3.3208852313592, -0.73611354354145, 2.3826948012674, 3.4529838930308, 0.0055329208621269, 7.4896399478995, -0.21320298198355, 5066.6666666667, 152, 33.333333333333, 58311579.521
153, 0.024287497558097, 0.081186752395317, -0.026792102437816, 5853.8515321536, 0.050079608546011, 0.058306746752332, 0.044624479226198, -1.5561803799642, 1.9160505214274, -0.23829240860169, -0.59493513427382, 1.6912609353872, 0.0092525934911786, -3.3270231439822, -0.65950381231561, 2.3380703220412, 5.5735475279974, 0.076861198982076, 7.5479466946518, -0.26328259052956, 5100, 153, 33.333333333334, 58311612.384
154, 0.0035088067349491, 0.099916557318251, 0.047139934778575, 6035.4494818653, 0.0008642357857305, 0.039042390828628, 0.1034057465369, -1.6365286404553, 1.9518336722049, -0.13910776999895, -0.68490784906088, 1.6965001129306, 0.096240226784219, -3.3519741685312, -0.62948335289746, 2.2346645755043, 6.2610530900742, 0.039051954946055, 7.5869890854804, -0.26414682631529, 5133.3333333333, 154, 33.333333333333, 58311646.25
155, 0.0040487452840137, 0.097397273796204, 0.079783057806924, 5899.5395590143, -0.014757422679476, 0.018642317612753, 0.12370384013528, -1.7451776555148, 1.953098078618, -0.024710204831323, -0.80208849263129, 1.6733775856903, 0.17779193346955, -3.3746808363676, -0.62247983731443, 2.1109607353691, 0.66960337258214, 0.023776407006011, 7.6056314030932, -0.24938940363582, 5166.6666666667, 155, 33.333333333334, 58311679.153
156, 0.031428816359064, 0.083572212616533, 0.093236251042281, 6079.3099695255, -0.00058030294569686, -0.011305385334231, 0.12859601564088, -1.8416166515562, 1.917176132734, 0.11265962195367, -0.9101644780969, 1.6120415860527, 0.26158243639249, -3.3700205811901, -0.63278833052332, 1.9823647197282, 3.0903078824505, 0.011320268948405, 7.594326017759, -0.24880910069012, 5200, 156, 33.333333333333, 58311712
157, 0.031282418952375, 0.089674210041855, 0.083027119155364, 5717.8302133217, 0.0054068564679863, -0.0013540127287311, 0.12602574637766, -1.9254333566922, 1.8871532795952, 0.25505217889975, -1.0091185241938, 1.5542002533366, 0.35270583561212, -3.3644798438287, -0.63221461785459, 1.8563389733505, 4.467010235844, 0.0055738180213361, 7.5929720050302, -0.25421595715811, 5233.3333333333, 157, 33.333333333333, 58311745.862
158, 0.036961140064514, 0.082043760025019, 0.071326822598008, 6217.2189812799, 0.014288922037716, -0.0025879025635798, 0.11390324632407, -1.9878376687787, 1.8536012033219, 0.39360388613, -1.0891419701164, 1.4933894736367, 0.44084047248435, -3.3499835412147, -0.63149761664809, 1.7424357270265, 4.5332186537486, 0.014521381913527, 7.5903841024666, -0.26850487919582, 5266.6666666667, 158, 33.333333333334, 58311779.658
159, 0.032776636917815, 0.075948288580047, 0.038700198118863, 6253.9856334349, 0.025032145401745, 0.013730160953919, 0.086746931802139, -2.0155240841606, 1.8439813272845, 0.5142138876088, -1.1361985046532, 1.4528467246807, 0.52705238111883, -3.3269200977062, -0.61468321511109, 1.6556887952243, 5.2140807271942, 0.028550404957455, 7.6041142634206, -0.29353702459757, 5300, 159, 33.333333333333, 58311812.522
160, 0.035635896363569, 0.063418102331119, 0.040594179897187, 6525.4194952132, 0.024021466923249, 0.0028536264996341, 0.079715031186699, -2.0390102727902, 1.8202051928953, 0.62486147891738, -1.1784176813623, 1.4045531526517, 0.60040624165886, -3.3030573800205, -0.61075201790529, 1.5759737640376, 4.8306296928973, 0.024190371170037, 7.6069678899202, -0.31755849152082, 5333.3333333333, 160, 33.333333333333, 58311845.349
161, 0.023335379893246, 0.064759675524634, 0.049926906441368, 6408.5668402778, 0.0093263150678953, 0.0043369212133243, 0.084411269847496, -2.0774112107586, 1.7936695324002, 0.73071712297106, -1.234377467248, 1.3594993536196, 0.66826508720979, -3.2935795446419, -0.60676443732035, 1.4915624941901, 5.1476629370322, 0.010285379835292, 7.6113048111335, -0.32688480658871, 5366.6666666667, 161, 33.333333333333, 58311879.237
162, 0.0024106162205574, 0.09610416976457, 0.02235406942994, 6323.4592013889, 0.010971294789234, 0.051000478580502, 0.083786089609112, -2.097118052186, 1.8209440663575, 0.85195208735985, -1.2786736109694, 1.3499780298331, 0.76951000114656, -3.2765308774858, -0.55747682388058, 1.407776404581, 6.0712931056525, 0.052167213120815, 7.662305289714, -0.33785610137795, 5400, 162, 33.333333333334, 58311913.097
163, 0.033208186987342, 0.10598194819557, 0.045530160710674, 6817.0494791667, 0.028260050889079, 0.02990962042245, 0.11275964123118, -2.1179556998512, 1.8030646830823, 1.015871685184, -1.3343761108525, 1.2947831337203, 0.88571242307543, -3.2424555559828, -0.53444625629309, 1.2950167633498, 5.5261374426774, 0.041148704354674, 7.6922149101365, -0.36611615226703, 5433.3333333333, 163, 33.333333333334, 58311945.965
164, 0.06429641151506, 0.16311688673757, -0.013314685667627, 7620.006932409, 0.094544397866193, 0.086880070204545, 0.12013175417213, -2.0359594544477, 1.8258497477454, 1.2588228225002, -1.3222141669666, 1.2329518727245, 1.0855338918904, -3.1246267673249, -0.48360743213009, 1.1748850091777, 5.4555669669608, 0.12840089472674, 7.779094980341, -0.46066055013322, 5466.6666666667, 164, 33.333333333333, 58311978.821
165, 0.037644239208183, 0.17791337204844, -0.0069170150949076, 7977.5478977026, 0.071718939716178, 0.10591945934459, 0.12944328339148, -1.9527105967269, 1.8640982473748, 1.5043366955609, -1.3183469374577, 1.186834804196, 1.2943113086997, -3.0133730422062, -0.4206492027999, 1.0454417257862, 5.6879887093883, 0.12791613730043, 7.8850144396856, -0.5323794898494, 5500, 165, 33.333333333333, 58312012.709
166, -0.0060197978049376, 0.16080730870557, 0.036438147455017, 7513.6288436553, 0.010223064367519, 0.090666265695892, 0.13747030336911, 1.8500545858604, -1.8238649045476, -1.6435667088611, -1.3658876389107, 1.1663299533414, 1.470342947097, -2.9541944553623, -0.35129148015656, 0.9079714224171, 6.1709046523958, 0.091240795592216, 7.9756807053815, -0.54260255421692, 5533.3333333333, 166, 33.333333333333, 58312045.551
167, -0.015738729855283, 0.092510357976096, 0.066594398604374, 7401.8841331604, -0.026380038598071, 0.032215312806898, 0.1072704761811, 1.7765918695654, -1.7149950464737, -1.6579064269518, -1.4471352099202, 1.1517652921061, 1.5624829048192, -2.9529327204105, -0.30969120624341, 0.80070094623601, 0.68613947018216, 0.041638117340749, 8.0078960181884, -0.51622251561885, 5566.6666666667, 167, 33.333333333333, 58312079.406
168, -0.012770411890038, 0.091478956593405, 0.051761057802006, 7262.7523768366, -0.016976958473311, 0.038489407238042, 0.097165006229102, 1.6969197530889, -1.6235615758444, -1.6757985054858, -1.5101402588822, 1.1342779980444, 1.657120038385, -2.9364306212908, -0.27101269252101, 0.7035359400069, 0.41541244332276, 0.042067227012727, 8.0463854254264, -0.49924555714553, 5600, 168, 33.333333333334, 58312112.238
169, -0.013819747046516, 0.097509606469264, 0.024749219237596, 7667.8135520069, -0.0037617255708253, 0.058316701691903, 0.083046037470781, 1.5960681730751, -1.5601893351012, -1.7036845303659, -1.5391316179141, 1.1193438592294, 1.7659222142945, -2.8927570676739, -0.23220844821171, 0.62048990253612, 0.064415871411287, 0.058437901018882, 8.1047021271183, -0.49548383157471, 5633.3333333333, 169, 33.333333333333, 58312146.05
170, -0.020633396237732, 0.095128266140204, -0.0077893609439351, 7270.7102763385, 0.0054480338416256, 0.078339438078277, 0.058043514468887, 1.4784050998908, -1.5349104273795, -1.73534554529, -1.5251958573155, 1.1164097180122, 1.8809295023335, -2.8246969421682, -0.19305560692139, 0.56244638806724, 6.2137531477467, 0.078528648474042, 8.1830415651966, -0.50093186541633, 5666.6666666667, 170, 33.333333333334, 58312178.881
171, -0.032832189850033, 0.099932126210181, 0.0087464028813121, 7465.9473457057, -0.011890737362702, 0.078037984354504, 0.070068291440964, 1.3593688335305, -1.4965751814077, -1.7432348712198, -1.527558242037, 1.1234785761243, 1.999465007305, -2.7632597332206, -0.14351374315203, 0.49237809662627, 0.15120810948238, 0.078938689102002, 8.2610795495511, -0.48904112805363, 5700, 171, 33.333333333333, 58312212.659
172, -0.068752950819734, 0.085903228322122, 0.0069252268411439, 7287.2274492879, -0.044591131939557, 0.086701732596085, 0.051465834944851, 1.2383444520572, -1.4891704273132, -1.7077331836783, -1.5191970984622, 1.1812391550614, 2.1064737040271, -2.7058950827389, -0.064691858443784, 0.44091226168142, 0.47502598381109, 0.097496458821918, 8.3477812821472, -0.44444999611408, 5733.3333333333, 172, 33.333333333333, 58312246.508
173, -0.0010964641831833, 0.085370756122998, 0.0069644194713745, 7085.1096245145, 0.013127390283927, 0.054130256151126, 0.065080399250754, 1.1540231189507, -1.4340267222856, -1.7329514583393, -1.5236020042402, 1.1485429592396, 2.2060948060473, -2.6510120252127, -0.055245347921428, 0.37583186243067, 6.0452638149485, 0.055699308852562, 8.4019115382983, -0.457577386398, 5766.6666666667, 173, 33.333333333334, 58312279.368
174, -0.01801863185447, 0.08983633436828, -0.021199610199338, 7337.8506689685, 0.013002330752576, 0.081105835852164, 0.045797863759817, 1.0416984250107, -1.4096653040365, -1.7601235407293, -1.4822146394584, 1.1309249616186, 2.3204635500492, -2.5704176407146, -0.039413201713951, 0.33003399867085, 6.1242247417967, 0.082141446385351, 8.4830173741505, -0.47057971715058, 5800, 174, 33.333333333333, 58312312.173
175, -0.042086869511339, 0.093308014316501, -0.002159062491246, 7157.6495468278, -0.015950757582275, 0.084138485530635, 0.056112745940263, 0.92434253524757, -1.3846295784059, -1.7500863407823, -1.4524536159367, 1.1451680578976, 2.4382048486019, -2.4948395995487, 0.00083437310070956, 0.27392125273059, 0.1873540651135, 0.085637091349703, 8.5671558596811, -0.4546289595683, 5833.3333333333, 175, 33.333333333333, 58312346.006
176, -0.021567752635521, 0.078443655611152, 0.021811852204027, 6967.4971946483, -0.012868130194984, 0.0508115763291, 0.065931228505128, 0.84717833311798, -1.3358270488594, -1.7333973095371, -1.4628039082709, 1.142481940748, 2.5302477065226, -2.4485745393006, 0.02545177259152, 0.20799002422546, 0.24803696133181, 0.052415694822858, 8.6179674360102, -0.44176082937332, 5866.6666666667, 176, 33.333333333333, 58312379.875
177, -0.033790609389368, 0.086761193187778, 0.014782033735018, 6837.5714285714, -0.018271487929443, 0.066205731379328, 0.064581516775216, 0.75269448709685, -1.2946758125948, -1.7119724811102, 1.3805568407205, -1.0905685313304, -2.504235174772, -2.386591969814, 0.055009688659822, 0.14340850745024, 0.26927750426887, 0.068680755227556, 8.6841731673896, -0.42348934144388, 5900, 177, 33.333333333334, 58312412.703
178, -4.7458179728702e-05, 0.093631930398985, -0.0068948024752233, 6687.9693569271, 0.022317381740282, 0.067030740690783, 0.061832784333192, 0.66079632588572, -1.2345345862223, -1.7319665542679, 1.3046336258167, -0.99508585551856, -2.5068793767867, -2.3174899849091, 0.040360090080229, 0.08157572311705, 5.96178655264, 0.070648324292205, 8.7512039080803, -0.44580672318416, 5933.3333333333, 178, 33.333333333334, 58312445.578
179, -0.010342615009572, 0.11170179759005, -0.034697041422645, 6428.5934397928, 0.03045646103849, 0.099818728695577, 0.053821662331987, 0.53200067994965, -1.1829552813709, -1.7654994628939, 1.1847572429602, -0.89216842211765, -2.5285273952439, -2.2161677567427, 0.015405810234363, 0.027754060785063, 5.9870400123169, 0.10436174882298, 8.8510226367759, -0.47626318422265, 5966.6666666667, 179, 33.333333333333, 58312479.443
180, -0.020468570752699, 0.074519693781074, 0.022908416001584, 6635.3767803194, -0.013250543821393, 0.047024047541136, 0.064110098384507, 0.46204885274284, -1.1377664122194, -1.737199450685, 1.1267239046271, -0.84482609025856, -2.4851726603383, -2.1690947123829, 0.028451887433881, 6.2468292695801, 0.27466065451097, 0.048855275648733, 8.8980466843171, -0.46301264040126, 6000, 180, 33.333333333333, 58312512.271
181, -0.0071055017016126, 0.073931421705615, 0.017963885477622, 6368.154941735, 0.00041340376683158, 0.043063399553283, 0.063122239880552, 0.39932145640577, -1.0838575468599, -1.7202258341249, 1.0790309565503, -0.78468914198485, -2.4491916860939, -2.1261653327647, 0.02511746009965, 6.1837070296996, 6.2735857151279, 0.043065383822278, 8.9411100838703, -0.46342604416809, 6033.3333333333, 181, 33.333333333333, 58312546.139
182, -0.0043165306114039, 0.046913893278493, 0.0220111698551, 6497.9425981873, -0.004634978732681, 0.021238443165021, 0.047238574507798, 0.36517927873079, -1.0456070928394, -1.6994873589533, 1.0561013832825, -0.74944864808183, -2.4144009783409, -2.1045203717876, 0.027109389611476, 6.1364684551918, 0.21486648365265, 0.021738318608537, 8.9623485270354, -0.45879106543541, 6066.6666666667, 182, 33.333333333333, 58312579.004
183, 0.02979959098723, 0.044876039831407, 0.030680921619978, 6260.8273629694, 0.019983626522702, -0.0012662045550676, 0.058670647878077, 0.35892095189596, -0.97825781640271, -1.6899281041067, 1.0724465332114, -0.68651519381566, -2.3765875470367, -2.1092663813569, 0.0076590378898091, 6.0777978073137, 4.6491114705157, 0.020023701030882, 8.9610823224803, -0.47877469195811, 6100, 183, 33.333333333334, 58312612.866
184, 0.02099671017734, 0.025087460177874, 0.024809863655275, 6252.1981009927, 0.011227462634165, -0.0070988258990522, 0.038850001090017, 0.36149757419132, -0.9347391286904, -1.6795207333482, 1.0896039860786, -0.64970716918398, -2.3474425147529, -2.1186888825122, -0.0017028483044676, 6.0389478062237, 4.1485764487482, 0.013283419979306, 8.9539834965812, -0.49000215459228, 6133.3333333333, 184, 33.333333333333, 58312645.754
185, -0.0099022793945328, 0.023575513768971, 0.043296238736788, 6141.2848511006, -0.024316498090075, -0.0038622162608411, 0.043843077921391, 0.35224039862038, -0.91149176757923, -1.6359028822049, 1.0871460423557, -0.64761637691215, -2.2950137883944, -2.1160193920845, 0.022771456255788, 5.9951047283023, 1.7283116633687, 0.024621307719334, 8.9501212803204, -0.4656856565022, 6166.6666666667, 185, 33.333333333334, 58312679.634
186, 0.01859772425736, 0.011883919932363, -0.015291517774063, 6004.918429003, 0.025614976847027, 0.0078021627989532, 0.001983086768406, 0.34876692995393, -0.89250597990909, -1.659776535745, 1.0895784264827, -0.61543499504449, -2.3106729424187, -2.115842831825, -0.004004827829214, 5.9931216415339, 5.0080549115584, 0.026776870302839, 8.9579234431194, -0.49130063334923, 6200, 186, 33.333333333333, 58312712.454
187, 0.0014952024463212, -0.011670575288868, -0.018746934318103, 5749.8075097108, 0.0078435042565813, 0.0020150810917939, -0.020598650281665, 0.35239577050039, -0.90574108809782, -1.6772320619561, 1.0892388892882, -0.6200989196895, -2.3333338828005, -2.1160719124405, -0.012099669334463, 6.0137202918156, 4.9638612918944, 0.0080982165215259, 8.9599385242111, -0.49914413760581, 6233.3333333333, 187, 33.333333333333, 58312746.309
188, -0.0024151202761889, -0.022294924918042, -0.019960936534634, 5538.2934829521, 0.0029154987589734, -0.0025997455664995, -0.029767039832088, 0.36212110608338, -0.93042027791416, -1.6933205316386, 1.0916226295845, -0.63822505472438, -2.3591846224177, -2.1193219929492, -0.014266402002024, 6.0434873316477, 3.9841793786997, 0.0039062526830851, 8.9573387786446, -0.50205963636478, 6266.6666666667, 188, 33.333333333334, 58312779.196
189, -0.016122271681033, -0.018623711506429, -0.0088059059794851, 5866.5006473889, -0.013377062147812, 9.3403324964709e-05, -0.022480207709532, 0.36406466453808, -0.96006788041693, -1.6920953164468, 1.0839881698501, -0.66864489839492, -2.3705924222625, -2.1162014981665, -0.0012583290101421, 6.0659675393572, 1.5638140906302, 0.013377388231174, 8.9574321819696, -0.48868257421697, 6300, 189, 33.333333333333, 58312813.085
190, -0.0038823965183819, 0.0079876362689916, -0.014230660131866, 5753.6499784204, 0.005095149095906, 0.015272311402356, -0.0047098815059708, 0.34840905250578, -0.96201421585062, -1.703172835425, 1.0665086461267, -0.66083754495502, -2.3834264364415, -2.1023667297394, -0.0094925729486454, 6.0706774208632, 5.9611767416347, 0.016099814902043, 8.972704493372, -0.49377772331288, 6333.3333333333, 190, 33.333333333333, 58312845.937
191, -0.021764716779, 0.022021793906296, -0.034473249224301, 5868.1247302546, 0.0023195293532181, 0.044678362101125, -0.012063621303014, 0.29972140912674, -0.97471510414205, -1.7231119412716, 1.009905428451, -0.65074456000389, -2.4115457457298, -2.0591131386666, -0.020922374311174, 6.0827410421662, 6.2313157069023, 0.044738532122318, 9.0173828554731, -0.49609725266609, 6366.6666666667, 191, 33.333333333333, 58312879.818
192, -0.0033761066023025, 0.045409712040316, -0.026233320061864, 5815.6840742339, 0.018874538232308, 0.047037754172215, 0.013886274294932, 0.24556922391694, -0.95217288750944, -1.7446230570533, 0.95906393037286, -0.60376933492439, -2.4260182339841, -2.0169699603395, -0.049077521859943, 6.0688547678712, 5.9015901008609, 0.050683315904237, 9.0644206096453, -0.5149717908984, 6400, 192, 33.333333333334, 58312912.671
193, -0.020667518508287, 0.0012103527653408, -0.031828510281121, 6023.6469572723, -0.0022423692009032, 0.028634037890569, -0.024834028997944, 0.21703598074561, -0.97751796848572, -1.7628793720213, 0.91955571669444, -0.61162887777714, -2.4561072374091, -1.9884686258324, -0.052623016263218, 6.0936887968692, 0.078151817258544, 0.0287217051296, 9.0930546475359, -0.5127294216975, 6433.3333333333, 193, 33.333333333334, 58312946.527
194, -0.022480182947162, -0.00721938705613, 0.01814460246767, 5721.6331463099, -0.029345328357754, -0.0044229506673882, 0.0024482615226527, 0.21747328967069, -0.99717469979871, -1.7348661103078, 0.91398816334969, -0.6459707441591, -2.4370594542829, -1.9872484875863, -0.022971344484518, 6.0912405353465, 1.7203911153408, 0.029676771876849, 9.0886316968685, -0.48338409333974, 6466.6666666667, 194, 33.333333333333, 58312979.367
195, 0.0046138335248964, 0.0056827068680131, -0.020286571386864, 5775.7824773414, 0.014778487258314, 0.013098148508069, -0.0086695107009557, 0.20592268324715, -0.99443389262007, -1.7554348754949, 0.90207286079287, -0.62935371127685, -2.4565523676037, -1.977136560712, -0.039933414671787, 6.0999100460475, 5.4375823157555, 0.019747536048418, 9.1017298453766, -0.49816258059806, 6500, 195, 33.333333333333, 58313013.229
196, -0.028000912660226, 0.020612731827827, -0.018350861635204, 5815.7790246008, -0.010989438608806, 0.03758573471146, -0.0034978180668745, 0.16108799059651, -1.0082784467621, -1.7558922970253, 0.84924488146513, -0.63123902059259, -2.464828255199, -1.938184470165, -0.035909934708047, 6.1034078641144, 0.28445436896036, 0.03915935666909, 9.139315580088, -0.48717314198925, 6533.3333333333, 196, 33.333333333333, 58313046.063
197, -0.053615114751997, 0.021853142794917, 0.00836206524346, 5861.3664220975, -0.045378331823049, 0.035514670743236, 0.010078674415692, 0.11183684602302, -1.0363621396896, -1.7177936228406, 0.78768080336547, -0.66606715582395, -2.4415490736843, -1.8949357737577, 0.0021690456500783, 6.0933291896987, 0.90673385093255, 0.057623648244824, 9.1748302508313, -0.4417948101662, 6566.6666666667, 197, 33.333333333333, 58313079.931
198, 0.0084239586323438, 0.040557823170765, -0.017816911222048, 5710.4993526111, 0.023960853458514, 0.033397271368161, 0.018542982273244, 0.073058637887522, -1.0030834322255, -1.7338379954069, 0.7573707074736, -0.61543351872529, -2.444686936281, -1.8669386228131, -0.027924382008916, 6.0747862074254, 5.6608440584211, 0.041103530667073, 9.2082275221994, -0.46575566362472, 6600, 198, 33.333333333334, 58313112.804
199, 0.0047173614803109, 0.04070497329154, -0.016694009696836, 5628.0358221839, 0.020286111489414, 0.034625529126617, 0.018638259658556, 0.032372739389935, -0.97234406774904, -1.7462505962347, 0.7240375316499, -0.56881037221447, -2.4451980290482, -1.837512749158, -0.055210419463266, 6.0561479477669, 5.7532191718337, 0.040130457095069, 9.242853051326, -0.48604177511413, 6633.3333333333, 199, 33.333333333333, 58313145.686
200, -0.020429805512855, 0.049617862707891, -0.016328164545393, 5649.2602503237, 0.00042623358127224, 0.052391328667037, 0.020022118165926, -0.031962961777643, -0.95652872117621, -1.7439023525401, 0.6606883318716, -0.53832782906039, -2.4382917659835, -1.7866874164184, -0.067927831754861, 6.0361258296009, 6.2750499117105, 0.052393062465973, 9.2952443799931, -0.4864680086954, 6666.6666666667, 200, 33.333333333334, 58313179.562
201, -0.021607515197485, 0.012993087436138, -0.020760056475629, 5608.2097539922, -0.0059258295202073, 0.030769135555945, -0.0092103105616101, -0.067327735534396, -0.96866292545983, -1.75042776985, 0.61854289376471, -0.53723573297854, -2.4504504357621, -1.7553956229445, -0.069562552674391, 6.0453361401626, 0.19026056670108, 0.031334568105571, 9.326013515549, -0.4805421791752, 6700, 201, 33.333333333333, 58313213.425
202, -0.0052932165210951, -0.0024020912635192, 0.0016594170043088, 5446.2990936556, -0.0058063787160638, -3.8306709347786e-05, -0.0016811743435225, -0.067815352733685, -0.97486953341693, -1.7468397734142, 0.61601958718179, -0.544910066483, -2.4496180837215, -1.7540695450824, -0.063909499405815, 6.0470173145061, 1.5773935805168, 0.0058065050760625, 9.3259752088397, -0.47473580045913, 6733.3333333333, 202, 33.333333333333, 58313246.291
203, -0.010821543763054, 0.017089408541091, -0.020628845323314, 5474.1532153647, 0.004067753659268, 0.028324224083249, -0.0039868111721852, -0.099912611392789, -0.97433506365172, -1.7572413152956, 0.5815178690605, -0.53047348394931, -2.4599707609953, -1.7274622954733, -0.074438580145203, 6.0510041256783, 6.1405466617386, 0.028614826397351, 9.3542994329229, -0.4788035541184, 6766.6666666667, 203, 33.333333333334, 58313279.139
204, -0.01150355580273, 0.015426495169047, -0.014097764872774, 5497.6845058265, 3.0752559607712e-05, 0.023837439735016, -0.00091161662705259, -0.12778762456716, -0.97480058489724, -1.7614765668797, 0.55139237429498, -0.52132618268619, -2.4646822598634, -1.7042690556684, -0.079942948347127, 6.0519157423053, 6.2818952129879, 0.023837459571869, 9.3781368726579, -0.47883430667801, 6800, 204, 33.333333333333, 58313312.988
205, -0.0026710886483617, 0.040927016650077, 0.012927211854159, 5310.3003884333, -0.00011454508175825, 0.021553032517868, 0.037211851357778, -0.1583234946381, -0.94652121775708, -1.739330523742, 0.52924847299359, -0.49824186736158, -2.4326500557549, -1.6833581970152, -0.085161383793693, 6.0147038909475, 0.00531451911712, 0.021553336894598, 9.3996899051758, -0.47871976159625, 6833.3333333333, 205, 33.333333333333, 58313345.832
206, -0.006057013324288, 0.04381237766347, 0.010257636504488, 5405.1178247734, -0.0011484984810742, 0.026617343848645, 0.036764506134005, -0.19444613468319, -0.91926637227578, -1.7170661780793, 0.50061680838954, -0.47470370419142, -2.4011210344672, -1.6575049468841, -0.091590734520758, 5.9779393848135, 0.043121752764782, 0.026642110320282, 9.4263072490244, -0.47757126311518, 6866.6666666667, 206, 33.333333333333, 58313379.702
207, 0.00074156975051772, 0.045513538933296, 0.01488957195647, 4973.0401381096, 0.0028013328289084, 0.021912008758203, 0.042494092666352, -0.22479292668807, -0.88459248795272, -1.6926192556342, 0.4804637897143, -0.44683952358449, -2.3645032939247, -1.6376503379595, -0.10127108884378, 5.9354452921472, 6.1560304258186, 0.022090350686168, 9.4482192577826, -0.48037259594408, 6900, 207, 33.333333333333, 58313412.6
208, 0.022103787679071, 0.03778920424958, 0.043710503605122, 5091.6145878291, 0.0057455780607908, -0.0097438475149118, 0.060821503445285, -0.22032962330101, -0.83677305003182, -1.6517233532423, 0.50153659949224, -0.42415582227192, -2.3065057759454, -1.6488254394656, -0.10301303108762, 5.8746237887019, 3.6743761136633, 0.011311685623571, 9.4384754102677, -0.48611817400488, 6933.3333333333, 208, 33.333333333335, 58313446.498
209, -0.019062659160183, 0.01137895966499, 0.032552979961014, 4992.6206301252, -0.029508156568991, -0.0016543203925422, 0.026059434406673, -0.22807245802125, -0.84369376495604, -1.6113014434816, 0.49172434920706, -0.44927322554937, -2.2716967546065, -1.6382600684753, -0.075412402912275, 5.8485643542952, 1.6268008566232, 0.029554493398826, 9.4368210898752, -0.45661001743588, 6966.6666666667, 209, 33.333333333333, 58313479.383
210, -0.096895852385511, 0.010992271036113, 0.025939942275804, 5589.9831678895, -0.092979252201728, 0.038854159752592, 0.005265906118189, -0.29312184395338, -0.91383483933663, -1.5454474498475, 0.40063241179574, -0.53067600720536, -2.2399343089789, -1.5636890957818, -0.0076338288461472, 5.843298448177, 1.1749718994703, 0.10077096342733, 9.4756752496278, -0.36363076523416, 7000, 210, 33.333333333333, 58313513.21
211, -0.15403767694796, 0.011629344149297, 0.014164686630728, 5416.6344410876, -0.13608862984854, 0.073124834920405, -0.014004615525802, -0.40441001329151, -1.0257641137254, -1.4615011510854, 0.24501549106136, -0.64449425237911, -2.2073700821119, -1.4402223207254, 0.085225992420129, 5.8573030637028, 1.0777306841649, 0.15449063614404, 9.5488000845482, -0.22754213538562, 7033.3333333333, 211, 33.333333333333, 58313546.06
212, -0.020442438986404, 0.02283476734676, -0.054182466156958, 5056.4682779456, 0.013016600044641, 0.055733946557619, -0.024481725321836, -0.46576148957049, -1.0190792274061, -1.4924537423212, 0.18250150979468, -0.60570587740647, -2.2343523698349, -1.3944218397488, 0.050905921948993, 5.8817847890247, 6.0537489791664, 0.057233772159536, 9.6045340311058, -0.24055873543026, 7066.6666666667, 212, 33.333333333333, 58313579.938
213, 0.019296103864304, 0.018156823669504, -0.036472511814272, 4873.5679758308, 0.037592612883259, 0.023666468428475, -0.0076777416525325, -0.48562403381184, -0.98579294888467, -1.5266335782004, 0.17280882906847, -0.5528440731692, -2.253311168653, -1.3871559695045, 0.0070823630653737, 5.8894625306772, 5.2742542597591, 0.044421912062254, 9.6282004995343, -0.27815134831352, 7100, 213, 33.333333333334, 58313612.827
214, -0.027366989169544, 0.022232897588842, -0.039782686831193, 4829.9905049633, 0.00010514498709063, 0.050486280749787, -0.016644530738235, -0.54336378966601, -0.98606644719965, -1.5417677893239, 0.11143205316626, -0.52912131730831, -2.2674160653516, -1.3404129943495, -0.011994185527992, 5.9061070614154, 6.2811026654498, 0.050486390239496, 9.6786867802841, -0.27825649330061, 7133.3333333333, 214, 33.333333333333, 58313646.681
215, -0.034754834276157, 0.039929537124797, -0.014768105998203, 5222.8744065602, -0.014538795551451, 0.051795171370636, 0.011235970894292, -0.60488733347454, -0.98176727634695, -1.5236359151057, 0.048141876055692, -0.51632861097641, -2.2488736252382, -1.2869357677623, -0.017848589446008, 5.8948710905211, 0.27365574315667, 0.053796992047887, 9.7304819516547, -0.26371769774916, 7166.6666666667, 215, 33.333333333334, 58313679.563
216, -0.036699977126943, 0.021727376278012, -0.012579316624545, 5217.253776435, -0.0209529760516, 0.039214779383472, -0.00061666868873991, -0.65345285643705, -0.99282997633094, -1.5099500668808, -0.0068134581900484, -0.51881632177747, -2.2401868937561, -1.2427085877645, -0.013289793747109, 5.8954877592099, 0.49071992336534, 0.044461512879268, 9.7696967310382, -0.24276472169756, 7200, 216, 33.333333333333, 58313712.421
217, -0.035009894025242, 0.061282051480275, -0.070321299576089, 5544.4920155373, 0.016089759607561, 0.097699548378716, -0.011053758172031, -0.76213877043943, -0.96003482073042, -1.5276244910904, -0.11053961307574, -0.44887023996325, -2.2421110592295, -1.1580581935588, -0.064654171398465, 5.9065415173819, 6.1199642642635, 0.099015565027091, 9.8673962794169, -0.25885448130512, 7233.3333333333, 217, 33.333333333333, 58313746.325
218, -0.049626983736469, 0.067367266962921, -0.072256306330326, 5244.3655589124, 0.0057545770771597, 0.10984933897913, -0.011052942859138, -0.88663186428868, -0.93192767677992, -1.535333944044, -0.23247783719495, -0.38330096236902, -2.2351498230227, -1.0577745140574, -0.10985439895465, 5.9175944602411, 6.2308470620707, 0.10999996559767, 9.977245618396, -0.26460905838228, 7266.6666666667, 218, 33.333333333334, 58313780.204
219, -0.049940459242477, 0.038273948076565, -0.056152578948617, 4850.5822183858, -0.0081198473604098, 0.08128880653229, -0.020934533782661, -0.98192051349578, -0.92809326375778, -1.5431551913509, -0.33194508401985, -0.34762717482717, -2.2371011997797, -0.9787358739282, -0.13050547292648, 5.9385289940237, 0.099558625624877, 0.081693341152143, 10.058534424928, -0.25648921102187, 7300, 219, 33.333333333333, 58313813.091
220, -0.079757208128801, 0.020525412690706, -0.019966914204434, 5111.1564390666, -0.054487538974907, 0.063065266202289, -0.015331757001868, -1.064577061028, -0.9743070091448, -1.5197345423865, -0.43445337708267, -0.3740144192702, -2.2297431973938, -0.90120227336272, -0.099935341613621, 5.9538607510256, 0.71255811808402, 0.083343384288782, 10.121599691131, -0.20200167204696, 7333.3333333333, 220, 33.333333333333, 58313845.954
221, -0.066641358400881, 0.045911763032942, -0.052752669732013, 5716.0437418796, -0.022465126992753, 0.092462075918828, -0.01666995453332, -1.1757305527095, -0.97764009623541, -1.5078031761744, -0.55238716629217, -0.34799490144107, -2.2144201777002, -0.80637597402468, -0.10778988230105, 5.9705307055589, 0.23834740961636, 0.09515207519555, 10.214061767049, -0.17953654505421, 7366.6666666667, 221, 33.333333333333, 58313879.806
222, -0.035659395047261, 0.075934104681914, -0.097718260491129, 5582.7273515388, 0.031586394886074, 0.12336544246247, -0.019227750948375, -1.3132662382485, -0.91077219762317, -1.5160103558733, -0.67412668805412, -0.24376677251962, -2.1883617515814, -0.69805956049331, -0.17475120627111, 5.9897584565073, 6.0325307741427, 0.12734493604325, 10.337427209512, -0.21112293994028, 7400, 222, 33.333333333333, 58313912.644
223, -0.038656297932165, 0.057234350560682, -0.082013284902714, 5651.3307392996, 0.017724635903357, 0.10331272089168, -0.022551677066424, -1.4301034853891, -0.86289107015006, -1.5219694355323, -0.78088636781279, -0.1636508081814, -2.1671588628615, -0.60376875778869, -0.22053863880563, 6.0123101335737, 6.1132764869972, 0.10482213991304, 10.440739930404, -0.22884757584364, 7433.3333333333, 223, 33.333333333335, 58313946.503
224, -0.048278434370171, 0.040092271247776, -0.030392732610174, 5577.9770065076, -0.018615520651872, 0.067168009628821, -0.0019587005682489, -1.5099206473237, -0.86247085892451, -1.4990125883475, -0.86355242063052, -0.14880996557284, -2.1408734468804, -0.53406885383043, -0.22050610038763, 6.0142688341419, 0.27036265919641, 0.069699921998792, 10.507907940032, -0.21023205519177, 7466.6666666667, 224, 33.333333333333, 58313979.37
225, -0.058322423319948, 0.036218610233062, -0.023309457197305, 5648.0155507559, -0.03137055676164, 0.065333414931528, -0.0020141116672758, -1.5898420988357, -0.87680782766637, -1.4701607678711, -0.95101269025787, -0.14851858159108, -2.1144253737727, -0.46276183870025, -0.20754944701174, 6.0162829458092, 0.44765080519448, 0.072474595122363, 10.573241354964, -0.17886149843013, 7500, 225, 33.333333333333, 58314013.236
226, -0.022368262359588, 0.02554907610223, -0.028068779376295, 5793.7285282693, -0.00053294762900978, 0.043724216749077, -0.0053721190273925, -1.639967109188, -0.86237711944209, -1.4610488409995, -0.99820929451424, -0.12453422157998, -2.0969193756731, -0.42041583017908, -0.21845368539442, 6.0216550648366, 0.012188239790551, 0.043727464636033, 10.616965571713, -0.17832855080112, 7533.3333333333, 226, 33.333333333333, 58314046.101
227, -0.0061737665791384, 0.028203627990819, -0.027924715365693, 5800.4166666667, 0.013785109071636, 0.037726890820036, -4.723144460485e-05, -1.6794652778846, -0.83217503377606, -1.4521651259675, -1.0289377756412, -0.090924487206628, -2.0751252332152, -0.38753554529027, -0.24152389103749, 6.0217022962812, 5.932864463635, 0.040166497520494, 10.654692462533, -0.19211365987275, 7566.6666666667, 227, 33.333333333333, 58314079.958
228, -0.015318909738766, 0.019012834017837, -0.037099495755422, 5288.822615451, 0.0084704987387324, 0.041067286335802, -0.014637557255611, -1.7259093068762, -0.80759897257724, -1.4559548980564, -1.0694796728274, -0.053888285872635, -2.064778740285, -0.34991770385005, -0.2600479275816, 6.0363398535368, 6.0797787547194, 0.04193174639661, 10.695759748869, -0.20058415861149, 7600, 228, 33.333333333334, 58314112.827
229, -0.001904564540106, -0.0024492520076764, -0.0054910833788384, 5461.752265861, 0.00049195008757624, 0.0023580154747651, -0.0058288889412987, -1.729350803904, -0.80637894462761, -1.4616556179694, -1.0729429861636, -0.049129879453283, -2.0686173629779, -0.347748313152, -0.26109481843828, 6.0421687424781, 6.0775066982335, 0.0024087863890137, 10.698117764344, -0.20107610869906, 7633.3333333333, 229, 33.333333333333, 58314146.67
230, -0.011897337214268, 0.013217516940576, -0.01547303211787, 5643.7656452309, -9.9832205809419e-05, 0.023312942108445, -0.0034872444084155, -1.7559747159491, -0.79791225822654, -1.4569310741756, -1.0977541191614, -0.035720341781006, -2.0589051663035, -0.32507589504058, -0.26652290989267, 6.0456559868865, 0.004282239243657, 0.023313155861467, 10.721430706452, -0.20097627649325, 7666.6666666667, 230, 33.333333333334, 58314179.498
231, -0.026537622054185, 0.055761575676689, -0.024007896231892, 5828.0496331463, 0.00011845026737081, 0.063777972811613, 0.01795366094407, -1.8237999608184, -0.77292861903275, -1.4125844443135, -1.1583397646362, -0.013573954904691, -2.0067604846538, -0.26325555535526, -0.28220050587632, 6.0277023259425, 6.281328080837, 0.063778082806123, 10.785208679264, -0.20109472676062, 7700, 231, 33.333333333333, 58314213.346
232, -0.042208174496802, 0.081948972842078, -0.020551133200673, 6145.4773413897, -0.0095951683953277, 0.086932159807669, 0.035640504411346, -1.9145042172778, -0.7493798962612, -1.3347914617045, -1.2420986566459, 0.00020802573882511, -1.9255971540704, -0.17696433658888, -0.29642492715737, 5.9920618215311, 0.10993038362743, 0.087460091843999, 10.872140839071, -0.1914995583653, 7733.3333333333, 232, 33.333333333333, 58314246.204
233, -0.0064772212835441, 0.08597325449756, -0.027239684506964, 6205.7734138973, 0.024964379881761, 0.076423586249754, 0.041371131219036, -1.9804088927502, -0.68810626908004, -1.2591079082663, -1.288655788578, 0.037797839262129, -1.8365030519278, -0.11188883196005, -0.34362767311371, 5.9506906903121, 5.9674544876091, 0.080397666621329, 10.948564425321, -0.21646393824706, 7766.6666666667, 233, 33.333333333334, 58314280.05
234, -0.02616012944513, 0.1031639651192, -0.036778935746439, 6023.3461372464, 0.016186832310933, 0.10276606235433, 0.043092564025214, -2.0722019455324, -0.62307415325021, -1.1655708231828, -1.361507594762, 0.079675119358104, -1.7292355783202, -0.021114791670742, -0.39443496268063, 5.9075981262869, 6.1269574081376, 0.1040330577849, 11.051330487675, -0.23265077055799, 7800, 234, 33.333333333333, 58314312.909
235, -0.037096158634992, 0.07990849624419, -0.029045886510345, 6107.0151057402, -0.0015881561188639, 0.087924505109156, 0.029528214339918, -2.1544069649172, -0.5824089348933, -1.0890774966495, -1.432959350279, 0.10685717607752, -1.6452076044588, 0.060797156459465, -0.42642162912137, 5.878069911947, 0.018060760562199, 0.087938847152711, 11.139254992785, -0.23106261443912, 7833.3333333333, 235, 33.333333333333, 58314346.781
236, -0.073011230157661, 0.082104769534316, -0.021039151896423, 5803.9473457057, -0.035666985192982, 0.10196877947864, 0.029063946752286, -2.2613796700919, -0.57099689935748, -0.99927583939364, -1.538785664423, 0.11449003088488, -1.557565957817, 0.16844692625565, -0.43539507764314, 5.8490059651947, 0.33648183384711, 0.10802669031827, 11.241223772263, -0.19539562924614, 7866.6666666667, 236, 33.333333333333, 58314379.655
237, -0.065701218563584, 0.077547864594954, 0.0010789786459201, 6444.7954251187, -0.040895036739734, 0.082921276307174, 0.042227284124613, -2.34607799395, -0.57938237259571, -0.90007780768656, -1.6281993748626, 0.096793226645848, -1.4716315837574, 0.26089734683055, -0.4351285427831, 5.8067786810701, 0.45817597927788, 0.092457244682907, 11.32414504857, -0.15450059250641, 7900, 237, 33.333333333333, 58314413.539
238, -0.056306844117632, 0.09205343525557, -0.062321264854223, 6531.9564091498, 0.00033214311962814, 0.1240533644164, 0.011785081577539, -2.4539006792498, -0.50278048035437, -0.80785396862506, -1.7164084417046, 0.15681966725819, -1.3610357647443, 0.37064540298611, -0.49296058172898, 5.7949935994925, 6.2805078922821, 0.12405380905913, 11.448198412987, -0.15483273562604, 7933.3333333333, 238, 33.333333333335, 58314446.399
239, -0.037804971830955, 0.095616418888455, -0.09185078653416, 6461.7557186016, 0.030961797638549, 0.13433765043622, -0.0017450516901199, -2.5523189267215, -0.37584970303733, -0.7190252455313, -1.7822269878573, 0.25381314103308, -1.2384194671135, 0.47484684134551, -0.58322293800276, 5.7967386511826, 6.0566635150507, 0.13785948366991, 11.582536063423, -0.18579453326459, 7966.6666666667, 239, 33.333333333333, 58314479.263
240, -0.045520052365846, 0.065635247016055, -0.02243315328714, 6134.8429003021, -0.014851584879847, 0.078575160753186, 0.022106146742929, -2.6195246203206, -0.34613125870977, -0.63985214413947, -1.8440631964928, 0.26971269525208, -1.158931101638, 0.55098317033443, -0.6076696297392, 5.7746325044397, 0.18680741899971, 0.079966402075073, 11.661111224176, -0.17094294838474, 8000, 240, 33.333333333333, 58314513.12
241, -0.075340921147216, 0.057370157508918, -0.014956015751401, 5717.7393180837, -0.04559789963047, 0.082967670753077, 0.015115188988692, -2.7085047465352, -0.33966631989545, -0.56558163499137, -1.9337778041114, 0.2780027347924, -1.0878457328122, 0.64564567047816, -0.60895568193811, 5.759517315451, 0.50252557659793, 0.094672080577652, 11.744078894929, -0.12534504875427, 8033.3333333333, 241, 33.333333333333, 58314547.002
242, -0.045779040326349, 0.070917125197753, -0.039155145804645, 6140.6184721623, -0.0060211917228533, 0.091707409693048, 0.014545820022482, -2.7767824976659, -0.28496138050231, -0.47663118141516, -1.9911435948041, 0.31089893615407, -0.99310279995827, 0.72777593679644, -0.65019866290585, 5.7449714954285, 0.065562445145456, 0.091904862452277, 11.835786304622, -0.11932385703142, 8066.6666666667, 242, 33.333333333333, 58314579.887
243, -0.045326466366335, 0.076373787372796, -0.088904801270949, 6099.8429003021, 0.019206814954458, 0.12328126210477, -0.014977860765488, -2.853353977502, -0.15723421875503, -0.38852287284087, -2.0392923660477, 0.40184214405138, -0.87510939374752, 0.82437613494916, -0.72916258005176, 5.759949356194, 6.1286310835962, 0.12476847088444, 11.959067566727, -0.13853067198587, 8100, 243, 33.333333333334, 58314612.738
244, -0.046920147861006, 0.069512217258229, -0.048700723378153, 5581.5727233492, -0.0027298746877429, 0.096697114432373, 0.0068865757565778, -2.916912738478, -0.084918071883782, -0.29851710094102, -2.0898493609957, 0.44656417174761, -0.77528599606209, 0.90934101558086, -0.77540886145235, 5.7530627804375, 0.028223694300948, 0.096735640564159, 12.055764681159, -0.13580079729813, 8133.3333333333, 244, 33.333333333333, 58314646.584
245, -0.098172011756715, 0.065489886763129, -0.025942053835003, 5581.4933103151, -0.058224433704073, 0.10551127715446, 0.0087718316707779, -3.0242208856718, -0.053087213041723, -0.20829708047925, -2.1929119380428, 0.47686109563317, -0.68244684595111, 1.0297957079318, -0.77905496580316, 5.7442909487667, 0.50424817360223, 0.12051022482315, 12.161275958314, -0.077576363594058, 8166.6666666667, 245, 33.333333333333, 58314679.443
246, -0.056512566930923, 0.047039014016707, -0.026581810679104, 5430.9762624083, -0.026058585532883, 0.073614800547086, 0.0038396588655634, -3.0860362216917, -0.015094031224825, -0.1401856931697, -2.2490243619044, 0.50392423197066, -0.61068537995845, 1.1063207309655, -0.7946146112163, 5.7404512899011, 0.34022111814889, 0.078090900491427, 12.234890758861, -0.051517778061175, 8200, 246, 33.333333333334, 58314713.301
247, -0.048697698736482, 0.070497881216642, -0.075992047348024, 5453.2770824342, 0.0089685791934747, 0.11362825879063, -0.011153105839591, -3.1391658936811, 0.10322840803629, -0.034496439736254, -2.2828833842834, 0.57473190005121, -0.48712475800666, 1.1993567061968, -0.86046290402578, 5.7516043957407, 6.2044194753081, 0.11398165031504, 12.348519017652, -0.06048635725465, 8233.3333333333, 247, 33.333333333332, 58314746.172
248, -0.046630112572151, 0.034402742391321, -0.048722590622308, 4894.8178679327, -0.0096219280748042, 0.07290606904583, -0.017998069782399, 3.0888054461568, -0.1761850086634, -0.016834603440397, -2.3141781248051, 0.63070439775345, -0.41756626834334, 1.2673338782259, -0.88851363717741, 5.7696024655231, 0.13121870556541, 0.073538264893809, 12.421425086697, -0.050864429179845, 8266.6666666667, 248, 33.333333333334, 58314780.032
249, -0.041890653996057, 0.044419853394666, -0.011566431317321, 5252.9188605956, -0.021252493012297, 0.05640790538729, 0.015106698905453, 3.0425905124805, -0.19006305047858, -0.081041874988501, -2.3565389513592, 0.6385314919905, -0.35464103735059, 1.3268342232411, -0.89816580846573, 5.7544957666176, 0.36031668049486, 0.060278688185952, 12.477832992085, -0.029611936167548, 8300, 249, 33.333333333334, 58314812.931
250, -0.067786206978525, 0.047937592350932, -0.064837241905251, 5101.9305135952, -0.017267240583243, 0.10120069966548, -0.023603206237235, 2.9637007576958, -0.28189344157672, -0.14882857331107, -2.397133540875, 0.71387506932393, -0.25342496458267, 1.4233451680684, -0.93316463717992, 5.7780989728549, 0.16899630250782, 0.10266323202657, 12.57903369175, -0.012344695584305, 8333.3333333333, 250, 33.333333333334, 58314846.803
251, -0.020622290721573, 0.049614893168636, -0.051397184825172, 4945.5524384981, 0.01698838668131, 0.072296729528011, -0.0036283225067588, 2.9288084519513, -0.35109189124978, -0.22400884279606, -2.3993200744671, 0.75027615242777, -0.16223130645821, 1.4784843262787, -0.98291491297582, 5.7817272953616, 6.0523909739285, 0.074265889764279, 12.651330421278, -0.029333082265615, 8366.6666666667, 251, 33.333333333334, 58314879.696
252, -0.022698101803549, 0.068788174914148, -0.070349599211381, 5115.1618472162, 0.028158435888351, 0.096917159366262, -0.0032015076763632, 2.8808915641872, -0.44357196753677, -0.32759792034519, -2.3932513514748, 0.79527213237469, -0.036570701149891, 1.550047392407, -1.0540805837819, 5.784928803038, 6.0004286644395, 0.10092488935492, 12.748247580644, -0.057491518153966, 8400, 252, 33.333333333332, 58314913.566
253, -0.042448916215765, 0.039542852188209, -0.059264408093146, 5059.8990073371, 2.8068948134392e-05, 0.080338034894755, -0.020581959942773, 2.8191308397846, -0.52326637332503, -0.37947102771109, -2.399325036832, 0.8569274832856, 0.051594930426658, 1.6209947218802, -1.0917696203795, 5.8055107629808, 6.2828359216484, 0.080338039798197, 12.828585615539, -0.0575195871021, 8433.3333333333, 253, 33.333333333334, 58314946.431
254, -0.046882154148146, 0.043211725086978, -0.021109060849888, 5353.0729391454, -0.021214555165866, 0.063360569145763, 0.006794331399538, 2.755982363422, -0.54599017039428, -0.42563946505452, -2.4318922870871, 0.88236149028838, 0.12234728758859, 1.6869803177846, -1.1022817136517, 5.7987164315812, 0.32309036125813, 0.066817805062428, 12.891946184685, -0.036305031936234, 8466.6666666667, 254, 33.333333333332, 58314980.284
255, -0.038075721952879, 0.048438951228755, -0.009661256572816, 5407.9680621493, -0.018080961184409, 0.056225325474319, 0.020030578995506, 2.7003088731179, -0.54997336359224, -0.47797226845475, -2.4652994993027, 0.88741515656636, 0.19176429722834, 1.7450505259427, -1.1130497203263, 5.7786858525857, 0.31113586189366, 0.059061056391206, 12.948171510159, -0.018224070751825, 8500, 255, 33.333333333334, 58315013.122
256, -0.017649889145997, 0.0540683486264, -0.05600121695835, 5101.6068191627, 0.022632806801227, 0.076485836265788, -0.0029519684770594, 2.6527761523869, -0.61323101329858, -0.55666955664297, -2.4498070910205, 0.91569286549049, 0.29523989545857, 1.8011512193814, -1.1697509985946, 5.7816378210628, 5.995486423916, 0.079764196811468, 13.024657346425, -0.040856877553052, 8533.3333333333, 256, 33.333333333334, 58315047.014
257, -0.022280335435914, 0.051840975223661, -0.043245590463622, 4901.8636167458, 0.012135969081992, 0.069980021429761, 0.0030977425579758, 2.6011591634398, -0.65899061578578, -0.62525908226333, -2.4435709498618, 0.93672539837317, 0.38870414939039, 1.8566090246595, -1.2141234359496, 5.7785400785048, 6.1114726328451, 0.071024539033132, 13.094637367855, -0.052992846635044, 8566.6666666667, 257, 33.333333333332, 58315079.892
258, -0.017079171575054, 0.015397298672288, -0.0080861638382994, 5284.4208027622, -0.0076097250346543, 0.023073726614609, 0.0019637155407149, 2.5766411567605, -0.66747614769121, -0.638753925147, -2.4519503743724, 0.94716235156622, 0.41558256247958, 1.8804813704997, -1.2186418096876, 5.7765763629641, 0.31856758154014, 0.024296188486854, 13.117711094469, -0.04538312160039, 8600, 258, 33.333333333334, 58315112.758
259, 0.00050412044709631, 0.0016663330121242, 0.0030739814069994, 5060.8044885628, -0.00069585052387882, -0.00085363051932654, 0.003356675707891, 2.5768330625775, -0.66277342323999, -0.64009652571719, -2.4544764980302, 0.94311806712499, 0.41539054337288, 1.8800743144578, -1.2176184830896, 5.7732196872562, 2.4576723563408, 0.001101314221786, 13.11685746395, -0.044687271076511, 8633.3333333333, 259, 33.333333333332, 58315146.606
260, 7.3481654160465e-05, 0.031611483821266, -0.0061102444488757, 4741.6435045317, 0.009415363384301, 0.02472524153046, 0.018347745359108, 2.560273277108, -0.66059724301673, -0.68138882938465, -2.456482156433, 0.92727590400566, 0.45643668384142, 1.8968704219486, -1.2380600828339, 5.7548719418971, 5.9193397301595, 0.026457260561102, 13.141582705481, -0.054102634460812, 8666.6666666667, 260, 33.333333333334, 58315180.505
261, -0.0015731364561298, 0.021483877406811, 0.00062241374046852, 5072.1450151057, 0.0027335487982232, 0.014877913764843, 0.015349089177487, 2.5480231594522, -0.65301956651052, -0.70689475817604, -2.4624976736864, 0.91379409622995, 0.48156814888317, 1.9082658218152, -1.248008211162, 5.7395228527196, 6.1014798607873, 0.015126949693391, 13.156460619245, -0.056836183259035, 8700, 261, 33.333333333334, 58315213.368
262, -0.0047761108630097, 0.0237053138624, 0.023487713786544, 5157.3236944325, -0.010458904647817, 0.0049791310049981, 0.031658259699678, 2.5348685009477, -0.61524962736327, -0.72558829019819, -2.4896241772034, 0.88265093334525, 0.49515867934975, 1.9180364974302, -1.2417869714176, 5.7078645930199, 1.1264784253768, 0.011583627756323, 13.16143975025, -0.046377278611218, 8733.3333333333, 262, 33.333333333332, 58315246.239
263, 0.0057568476030173, 0.015326895891642, 0.0024580804668091, 5178.8523953388, 0.0068710919406102, 0.0062030289042156, 0.01372616915006, 2.5325248635401, -0.60564738985427, -0.74627044083683, -2.4907881515682, 0.86536320287302, 0.50992376959192, 1.9194395880517, -1.2509368100755, 5.6941384238699, 5.4467334238468, 0.0092568608093053, 13.167642779155, -0.053248370551828, 8766.6666666667, 263, 33.333333333334, 58315280.109
264, 0.0092759992368611, 0.0098560739733477, 0.020168323953789, 4833.2136383254, 0.00031824843810959, -0.0091661500182636, 0.022490621576329, 2.538151581687, -0.57380962338266, -0.75568412124044, -2.5032509063013, 0.8345797739004, 0.50575169863328, 1.9116963302667, -1.2460217085577, 5.6716478022935, 3.1762986806114, 0.0091716731421084, 13.158476629136, -0.053566618989938, 8800, 264, 33.333333333334, 58315312.959
265, 0.0010469877379685, -0.0024854314402165, 0.010472291807334, 5083.7456822107, -0.0046061294046319, -0.008090833137179, 0.0055013125269832, 2.5414418731586, -0.56064966018134, -0.74943341350791, -2.5108046517976, 0.82692973430761, 0.49576462525396, 1.9077395029191, -1.2375942936904, 5.6661464897666, 2.6240509365202, 0.009310102520697, 13.150385795999, -0.048960489585306, 8833.3333333333, 265, 33.333333333334, 58315346.797
266, -0.0028632376363549, 0.0028781828022426, 0.0015002482371564, 4989.0789814415, -0.0025774583071702, 0.002454615441387, 0.0024625966962048, 2.5374938287821, -0.55842208464312, -0.75111971428517, -2.5143410280457, 0.82600143458375, 0.49900431201213, 1.9112336877387, -1.2369167283914, 5.6636838930704, 0.8098052921734, 0.0035592735621607, 13.152840411441, -0.046383031278136, 8866.6666666667, 266, 33.333333333334, 58315379.671
267, -0.025408814483494, 0.0089374431293379, -0.016381358053484, 5275.0276219249, -0.012090450059571, 0.027369880095144, -0.009926999333014, 2.5079589912116, -0.58281976997957, -0.75607144609695, -2.518422538336, 0.85373466718515, 0.52774089807627, 1.9405669849541, -1.2428192787604, 5.6736108924034, 0.41596613593543, 0.029921385647486, 13.180210291536, -0.034292581218564, 8900, 267, 33.333333333332, 58315413.553
268, -0.028594548573055, -0.0050301068431109, -0.034221490741093, 4962.7388864912, -0.0091494378088564, 0.029551456749787, -0.032512456124383, 2.4802422806609, -0.63538467942166, -0.74890496083943, -2.5063669550078, 0.90836169339528, 0.55293916876778, 1.9701821687782, -1.2517558701711, 5.7061233485278, 0.30025017231411, 0.030935429660063, 13.209761748286, -0.025143143409708, 1769613115446.4, 268, 1769613106546.4, 58315446.371
269, -0.026908711399025, 0.017131910756836, -0.057696354962055, 5157.4695727233, 0.0080026091119031, 0.056952089221418, -0.032231479518653, 2.4376656155016, -0.70885861206401, -0.77728221918999, -2.4757483128183, 0.96385879478081, 0.61916441839513, 2.014147397286, -1.2888283999114, 5.7383548280464, 6.1435845373987, 0.057511583348768, 13.266713837507, -0.033145752521611, 1769613115480.2, 269, 33.85302734375, 58315480.224
270, -0.039431197695399, 0.014848531035821, -0.10301501138486, 5459.8644799309, 0.018447197969315, 0.086978482444864, -0.066946510550641, 2.3731129780236, -0.8417187514385, -0.81223385370629, -2.4071299023268, 1.0642124998141, 0.71545106056721, 2.0809606477596, -1.3474694894245, 5.8053013385971, 6.0741929849991, 0.088913190929865, 13.353692319952, -0.051592950490926, 1769613115513.1, 270, 32.863037109375, 58315513.087
271, -0.031567023321168, -0.015733629900367, -0.048359711906778, 5162.0267587397, -0.0071270823447173, 0.0317398984977, -0.050244097638576, 2.3426727369621, -0.914907609612, -0.79446869741328, -2.373539383629, 1.1375325293819, 0.73623478227223, 2.1126171342095, -1.35494442321, 5.8555454362356, 0.22088272942582, 0.032530239153635, 13.38543221845, -0.044465868146209, 1769613115547, 271, 33.87890625, 58315546.966
272, -0.025154218650338, -0.012870046490202, -0.053895002388421, 5204.332326284, 0.0015792483251923, 0.033746651035173, -0.050613373861605, 2.312694434218, -0.99161550609318, -0.78554737419648, -2.3303207629391, 1.2057902943648, 0.76235671947181, 2.143047686178, -1.3696101515259, 5.9061588100972, 6.2364222373568, 0.033783583015458, 13.419178869485, -0.046045116471401, 1769613115579.8, 272, 32.8779296875, 58315579.844
273, -0.049203366878634, 0.0043273021830202, -0.035458529054618, 4954.1471730686, -0.024273990148632, 0.04636328517718, -0.030955182586077, 2.2564499703243, -1.0411665604867, -0.77131835312156, -2.319732772689, 1.2746454731583, 0.79947979598982, 2.1949979222061, -1.3633054894175, 5.9371139926833, 0.48231795772722, 0.052333362305096, 13.465542154662, -0.021771126322769, 1769613115613.7, 273, 33.881103515625, 58315613.725
274, -0.036728566362052, 0.0039447886092252, -0.045334165642865, 5034.3880017264, -0.0089755442691867, 0.045750290302558, -0.035299944207058, 2.2064441773445, -1.0992684713676, -0.76889560657566, -2.2916774479226, 1.3373013242855, 0.84134397764519, 2.2411957892045, -1.3695660760236, 5.9724139368904, 0.19372510990676, 0.046622413683726, 13.511292444964, -0.012795582053583, 1769613115646.5, 274, 32.806884765625, 58315646.532
275, 0.015618956773134, 0.0021560105751913, -0.026927137325802, 5147.6020716444, 0.02663694864528, 0.0092371071917134, -0.013372349623065, 2.2073850570945, -1.1276793894659, -0.79372132523747, -2.2588336228991, 1.3358763334583, 0.86129936647315, 2.2420334561524, -1.3977465372023, 5.9857862865134, 5.0461905228589, 0.028193105228096, 13.520529552156, -0.039432530698863, 1769613115680.4, 275, 33.862060546875, 58315680.395
276, -0.01826283846898, 0.0064578244316427, -0.044931040908965, 5125.6732844195, 0.0071320055394444, 0.038430559017353, -0.029432292352043, 2.1699085363332, -1.1805698581497, -0.80558337274226, -2.2222427810546, 1.3771903256513, 0.90228341843431, 2.2769481940475, -1.4153144356363, 6.0152185788655, 6.0996912232063, 0.039086741606342, 13.558960111174, -0.046564536238307, 1769613115713.2, 276, 32.844970703125, 58315713.239
277, -0.0028808491451692, -0.0058841680696857, -0.033691157022551, 5226.4268450583, 0.012408633793144, 0.016441739728513, -0.027453811926128, 2.1567516358093, -1.2234826411991, -0.81172441464127, -2.1861119404717, 1.4022274533992, 0.91912758352513, 2.2897401413445, -1.4314589733556, 6.0426723907916, 5.6366809314008, 0.020598664954616, 13.575401850902, -0.058973170031451, 1769613115747.1, 277, 33.8779296875, 58315747.117
278, -0.038535717581666, 0.032381093431518, -0.060477252750041, 5416.360811394, 0.0024937463210985, 0.074334130657033, -0.025675924331875, 2.0770176826454, -1.2830627900898, -0.83820581171096, -2.1473280777572, 1.4587773115151, 1.0018121547509, 2.3615912705784, -1.4506660573362, 6.0683483151235, 6.2496500872547, 0.074375948741853, 13.649735981559, -0.06146691635255, 1769613115779.9, 278, 32.8291015625, 58315779.946
279, -0.1060739122228, 0.050984026477299, -0.065676161305595, 5084.4322107081, -0.048982276161247, 0.1219451563105, -0.029908517990657, 1.9283562339161, -1.3451156910562, -0.82792405832276, -2.1246223813196, 1.5820363826677, 1.1147442845815, 2.4908296132571, -1.4268726034998, 6.0982568331141, 0.38194919387533, 0.13141493265809, 13.77168113787, -0.012484640191303, 1769613115813.8, 279, 33.863037109375, 58315813.809
280, -0.061846775695187, 0.057650233416302, -0.070388264801607, 5117.963314631, -0.0075632437601931, 0.10805814982146, -0.019217557066748, 1.8054802596319, -1.3946765217429, -0.85925944476135, -2.0814860530166, 1.6521486951456, 1.238327511563, 2.5985489702145, -1.4382729538749, 6.1174743901809, 0.069878388173393, 0.10832251104462, 13.879739287691, -0.0049213964311102, 1769613115846.6, 280, 32.827880859375, 58315846.637
281, 0.032709231227797, -0.00066262668622206, -0.013816127676455, 4992.3185153215, 0.034421193520013, -0.0082026033689787, -0.0030194370733567, 1.8227233028925, -1.4025913207186, -0.89351674956206, -2.0604578192428, 1.6183370652486, 1.2466883056869, 2.5848300657296, -1.4708903117274, 6.1204938272542, 4.4784511257271, 0.035385042961271, 13.871536684322, -0.039342589951123, 1769613115880.5, 281, 33.83203125, 58315880.469
282, -0.029686786533929, 0.005093198227886, -0.015648929973227, 4562.0772550712, -0.016880357912125, 0.026400246998019, -0.013046664225337, 1.7885424542735, -1.4214847664936, -0.88012277554671, -2.0484328024119, 1.6566576575678, 1.2653809758243, 2.6135343164422, -1.4583216022373, 6.1335404914796, 0.56888849743245, 0.03133559517223, 13.89793693132, -0.022462232038998, 1769613115913.3, 282, 32.85693359375, 58315913.327
283, -0.05765070702613, 0.012014759181345, -0.013075593868619, 5100.8213206733, -0.040607027215717, 0.0429166411599, -0.012172134819736, 1.7303311796013, -1.4381797001396, -0.84679711848298, -2.0448414511002, 1.7246054634899, 1.2908755618608, 2.6618186913324, -1.4242724101249, 6.1457126262993, 0.75775299908627, 0.059082727998508, 13.94085357248, 0.018144795176719, 1769613115947.1, 283, 33.822021484375, 58315947.148
284, -0.025126215908766, 0.010406387844108, -0.048079253916189, 5161.9464825205, 0.0035696985530236, 0.046136517395321, -0.030164769282478, 1.676384257352, -1.4826889957149, -0.85838850927772, -1.9944399322981, 1.7642193712468, 1.3412268954469, 2.7071726729144, -1.4334476552952, 6.1758773955818, 6.2059666333342, 0.046274409614042, 13.986990089875, 0.014575096623695, 1769613115980, 284, 32.875, 58315980.023
285, -0.013987555731017, 0.035287124975459, -0.10441996358465, 4864.8511005611, 0.045033973572398, 0.089443025200726, -0.048127415956037, 1.5771924050291, -1.5597929452376, -0.92654666960613, -1.8843744976349, 1.790713372584, 1.4628610439121, 2.7925537601636, -1.4857579692273, 6.2240048115378, 5.8167468788919, 0.10014046900618, 14.076433115076, -0.030458876948703, 1769613116013.9, 285, 33.869140625, 58316013.892
286, -0.035036908889863, -0.0025969820311708, -0.043811569394203, 4547.0030224525, -0.0095877549462662, 0.039675611995434, -0.038570761995169, 1.5259377895054, -1.6096855712797, -0.91632434599064, -1.8271771925866, 1.8440705929874, 1.4913637505759, 2.8325778791814, -1.477760751303, 6.262575573533, 0.23710794436148, 0.040817633837863, 14.116108727071, -0.020871122002437, 1769613116046.7, 286, 32.85400390625, 58316046.746
287, -0.041499204922868, 0.01424250937572, -0.025060666466687, 4182.7242123435, -0.020627259436091, 0.043505679979648, -0.015324557545549, 1.4708679064402, -1.6311986383901, -0.89997481493778, -1.799342597279, 1.8956203522047, 1.5243432642128, 2.8763465741736, -1.4576986769159, 6.2779001310785, 0.44273659222692, 0.048147980459572, 14.159614407051, -0.00024386256634645, 1769613116079.6, 287, 32.8369140625, 58316079.583
288, -0.082575076209953, 0.016269367969647, -0.050343220364112, 4142.0215796288, -0.043274598252962, 0.078701407191896, -0.039384934097966, 1.3684989640019, -1.6800497627928, -0.85970916597468, -1.732713473532, 2.0021588311926, 1.5752055822606, 2.9544116349401, -1.4132974255047, 0.034099757996925, 0.50273418227501, 0.089814265837559, 14.238315814243, 0.043030735686615, 1769613116113.5, 288, 33.89013671875, 58316113.473
289, -0.064741285420009, 0.020715305555728, -0.054521776010596, 4364.8079413034, -0.025128306123115, 0.075574099081947, -0.035359662905448, 1.2714400609566, -1.7214175553013, -0.84018759796894, -1.6606584217079, 2.0834373018515, 1.6353148043256, 3.028580270254, -1.3842927671422, 0.069459420902373, 0.32099939210245, 0.079642176142198, 14.313889913325, 0.068159041809731, 1769613116147.4, 289, 33.893798828125, 58316147.367
290, -0.031605107534292, 0.045248578715436, -0.089387369579608, 4158.5051813472, 0.02482960678861, 0.096045598699224, -0.0345709724424, 1.1532729900523, -1.7593482514347, -0.88336379507835, 1.5426801205897, -2.0889103262212, -1.7372003158679, 3.126411313672, -1.400707226872, 0.10403039334477, 6.030205024067, 0.09920315722178, 14.409935512024, 0.04332943502112, 1769613116180.3, 290, 32.884033203125, 58316180.251
291, -0.039135625465216, 0.011669184749299, -0.093309085151902, 4153.4654576857, 0.013422834817443, 0.079210472631892, -0.062608952682884, 1.0459790353923, -1.8252807971607, -0.90494447279875, 1.4016427499875, -2.1140855771258, -1.804336394702, 3.206696244804, -1.4033196805904, 0.16663934602766, 6.1153221384378, 0.080339725348697, 14.489145984656, 0.029906600203677, 1769613116213.1, 291, 32.860107421875, 58316213.111
292, -0.038211297425788, 0.029780622848214, -0.039813841216361, 4235.7335924007, -0.0076145928143539, 0.060751035323772, -0.013544754850221, 0.97073455269628, -1.8373939990199, -0.90114959200446, 1.3164882798453, -2.1037851669409, -1.8173172189053, 3.2652218547212, -1.3853372010158, 0.18018410087788, 0.12469069046584, 0.061226385787817, 14.54989701998, 0.037521193018031, 1769613116247, 292, 33.866943359375, 58316246.978
293, -0.055313937887979, 0.017661908569704, -0.059016413053193, 4082.4069917997, -0.015546007011008, 0.071570215112309, -0.038607482739185, 0.87590034599088, -1.8746652411997, -0.88693736290529, 1.1968985067598, -2.1165661419671, -1.8300121127927, 3.3322880874489, -1.3559183319757, 0.21879158361706, 0.21389076439564, 0.073239156366035, 14.621467235092, 0.05306720002904, 1769613116279.8, 293, 32.85302734375, 58316279.832
294, -0.048262122251658, -0.00054993659624835, -0.053601169192463, 3765.0082073434, -0.015808809167478, 0.05287949944106, -0.046437703483938, 0.79999264660477, -1.9199588178779, -0.87028351775692, 1.0924513050009, -2.1437108203413, -1.8388332369863, 3.3798339143712, -1.3278997473034, 0.265229287101, 0.29050159486177, 0.055192027580356, 14.674346734533, 0.068876009196518, 1769613116313.7, 294, 33.8291015625, 58316313.66
295, -0.03115595064436, 0.0454248758794, -0.066515907749563, 4500.78895123, 0.014340235355082, 0.083027160917377, -0.018955917095247, 0.69565710784468, -1.9248249286224, -0.88910497988026, 0.98361393199744, -2.1051582276393, -1.8757539445079, 3.463636773186, -1.3191800359325, 0.28418520419625, 6.11215526853, 0.084256464440654, 14.757373895451, 0.054535773841436, 1769613116346.5, 295, 32.847900390625, 58316346.508
296, -0.035980706470707, 0.041060408134065, -0.071548516655363, 4305.3776435045, 0.011726708318669, 0.085224574613319, -0.02643888771937, 0.58619085123197, -1.9345969279624, -0.90376634018995, 0.86617464091528, -2.0710216546111, -1.9089437323215, 3.5485540835421, -1.305418129891, 0.31062409191562, 6.1464462257876, 0.086027575846425, 14.842598470064, 0.042809065522767, 1769613116380.4, 296, 33.864990234375, 58316380.373
297, -0.058847460317816, 0.028603173441436, -0.07415594731952, 4660.3668536901, -0.0091175147088612, 0.089180978000109, -0.04175995364115, 0.46743431148088, -1.9611250115417, -0.89354192476791, 0.72747154254182, -2.0597226073612, -1.9206144987281, 3.6299065250313, -1.2677742546463, 0.35238404555677, 0.10188211171641, 0.08964583599656, 14.931779448064, 0.051926580231629, 1769613116413.2, 297, 32.8310546875, 58316413.204
298, -0.091849839024676, 0.030958470925431, -0.04160125157103, 4128.4838152784, -0.052382594859118, 0.088075731693881, -0.024984259556545, 0.35892978677186, -1.9804806614347, -0.82792904072967, 0.59734043212534, -2.0668080086907, -1.8691493480625, 3.6934906294412, -1.1874136901774, 0.37736830511331, 0.53654651817603, 0.10247570813411, 15.019855179758, 0.10430917509075, 1769613116447.1, 298, 33.866943359375, 58316447.071
299, -0.053637591021836, 0.011511425261519, -0.04405299477095, 4288.8839015969, -0.022502663117563, 0.058171804000882, -0.032555211600712, 0.27964918965876, -2.0020406535148, -0.80118729713178, 0.50075368963111, -2.0695637926411, -1.8558855232088, 3.738580323098, -1.1443216254254, 0.40992351671402, 0.36910258740742, 0.062372498972701, 15.078026983759, 0.12681183820831, 1769613116479.9, 299, 32.87890625, 58316479.95
